Timestamp;Temperature (°C);Heat (V);Fan (V)
07.05.2024 11:05;31,9;2,459719598;4,933133463
07.05.2024 11:05;31,9;2,459719598;4,933133463
07.05.2024 11:05;31,9;2,459719598;4,933133463
07.05.2024 11:05;31,99;1,658384278;4,933133463
07.05.2024 11:05;31,99;1,658384278;4,933133463
07.05.2024 11:05;31,99;1,658384278;4,933133463
07.05.2024 11:05;31,99;1,658384278;4,933133463
07.05.2024 11:05;31,99;1,658384278;4,933133463
07.05.2024 11:05;32,06;1,609039147;4,933133463
07.05.2024 11:05;32,06;1,609039147;4,933133463
07.05.2024 11:05;32,06;1,609039147;4,933133463
07.05.2024 11:05;32,06;1,609039147;4,933133463
07.05.2024 11:05;32,06;1,609039147;4,933133463
07.05.2024 11:05;32,12;1,492738549;4,933133463
07.05.2024 11:05;32,12;1,492738549;4,933133463
07.05.2024 11:05;32,12;1,492738549;4,933133463
07.05.2024 11:05;32,12;1,492738549;4,933133463
07.05.2024 11:05;32,16;1,971761248;4,933133463
07.05.2024 11:05;32,16;1,971761248;4,933133463
07.05.2024 11:05;32,16;1,971761248;4,933133463
07.05.2024 11:05;32,16;1,971761248;4,933133463
07.05.2024 11:05;32,16;1,971761248;4,933133463
07.05.2024 11:05;32,16;1,791948816;4,933133463
07.05.2024 11:05;32,16;1,791948816;4,933133463
07.05.2024 11:05;32,16;1,791948816;4,933133463
07.05.2024 11:05;32,16;1,791948816;4,933133463
07.05.2024 11:05;32,17;2,290891261;4,933133463
07.05.2024 11:05;32,17;2,290891261;4,933133463
07.05.2024 11:05;32,17;2,290891261;4,933133463
07.05.2024 11:05;32,17;2,290891261;4,933133463
07.05.2024 11:05;32,17;2,290891261;4,933133463
07.05.2024 11:05;32,16;3,057900233;4,933133463
07.05.2024 11:05;32,16;3,057900233;4,933133463
07.05.2024 11:05;32,16;3,057900233;4,933133463
07.05.2024 11:05;32,16;3,057900233;4,933133463
07.05.2024 11:05;32,16;3,057900233;4,933133463
07.05.2024 11:05;32,14;2,419019078;4,933133463
07.05.2024 11:05;32,14;2,419019078;4,933133463
07.05.2024 11:05;32,14;2,419019078;4,933133463
07.05.2024 11:05;32,14;2,419019078;4,933133463
07.05.2024 11:05;32,11;2,419019078;4,933133463
07.05.2024 11:05;32,11;2,419019078;4,933133463
07.05.2024 11:05;32,11;2,419019078;4,933133463
07.05.2024 11:05;32,11;2,419019078;4,933133463
07.05.2024 11:05;32,11;2,419019078;4,933133463
07.05.2024 11:05;32,07;1,491334297;4,933133463
07.05.2024 11:05;32,07;1,491334297;4,933133463
07.05.2024 11:05;32,07;1,491334297;4,933133463
07.05.2024 11:05;32,07;1,491334297;4,933133463
07.05.2024 11:05;32,02;1,49248436;4,933133463
07.05.2024 11:05;32,02;1,49248436;4,933133463
07.05.2024 11:05;32,02;1,49248436;4,933133463
07.05.2024 11:05;32,02;1,49248436;4,933133463
07.05.2024 11:05;32,02;1,49248436;4,933133463
07.05.2024 11:05;31,97;0,763586891;4,933133463
07.05.2024 11:05;31,97;0,763586891;4,933133463
07.05.2024 11:05;31,97;0,763586891;4,933133463
07.05.2024 11:05;31,97;0,763586891;4,933133463
07.05.2024 11:05;31,97;0,763586891;4,933133463
07.05.2024 11:05;31,89;1,641672883;4,933133463
07.05.2024 11:05;31,89;1,641672883;4,933133463
07.05.2024 11:05;31,89;1,641672883;4,933133463
07.05.2024 11:05;31,89;1,641672883;4,933133463
07.05.2024 11:05;31,84;0,872060857;4,933133463
07.05.2024 11:05;31,84;0,872060857;4,933133463
07.05.2024 11:05;31,84;0,872060857;4,933133463
07.05.2024 11:05;31,84;0,872060857;4,933133463
07.05.2024 11:05;31,84;0,872060857;4,933133463
07.05.2024 11:05;31,79;0,236085984;4,933133463
07.05.2024 11:05;31,79;0,236085984;4,933133463
07.05.2024 11:05;31,79;0,236085984;4,933133463
07.05.2024 11:05;31,79;0,236085984;4,933133463
07.05.2024 11:05;31,72;1,049050559;4,933133463
07.05.2024 11:05;31,72;1,049050559;4,933133463
07.05.2024 11:05;31,72;1,049050559;4,933133463
07.05.2024 11:05;31,72;1,049050559;4,933133463
07.05.2024 11:05;31,72;1,049050559;4,933133463
07.05.2024 11:05;31,69;0,310697968;4,933133463
07.05.2024 11:05;31,69;0,310697968;4,933133463
07.05.2024 11:05;31,69;0,310697968;4,933133463
07.05.2024 11:05;31,69;0,310697968;4,933133463
07.05.2024 11:05;31,62;0;4,933133463
07.05.2024 11:05;31,62;0;4,933133463
07.05.2024 11:05;31,62;0;4,933133463
07.05.2024 11:05;31,62;0;4,933133463
07.05.2024 11:05;31,62;0;4,933133463
07.05.2024 11:05;31,58;0,244756681;4,933133463
07.05.2024 11:05;31,58;0,244756681;4,933133463
07.05.2024 11:05;31,58;0,244756681;4,933133463
07.05.2024 11:05;31,58;0,244756681;4,933133463
07.05.2024 11:05;31,58;0,244756681;4,933133463
07.05.2024 11:05;31,52;0;4,933133463
07.05.2024 11:05;31,52;0;4,933133463
07.05.2024 11:05;31,52;0;4,933133463
07.05.2024 11:05;31,52;0;4,933133463
07.05.2024 11:05;31,46;0,121735939;4,933133463
07.05.2024 11:05;31,46;0,121735939;4,933133463
07.05.2024 11:05;31,46;0,121735939;4,933133463
07.05.2024 11:05;31,46;0,121735939;4,933133463
07.05.2024 11:05;31,46;0,121735939;4,933133463
07.05.2024 11:05;31,39;0,221614496;4,933133463
07.05.2024 11:05;31,39;0,221614496;4,933133463
07.05.2024 11:05;31,39;0,221614496;4,933133463
07.05.2024 11:05;31,39;0,221614496;4,933133463
07.05.2024 11:05;31,32;0;4,933133463
07.05.2024 11:05;31,32;0;4,933133463
07.05.2024 11:05;31,32;0;4,933133463
07.05.2024 11:05;31,32;0;4,933133463
07.05.2024 11:05;31,32;0;4,933133463
07.05.2024 11:05;31,21;0,488345811;4,933133463
07.05.2024 11:05;31,21;0,488345811;4,933133463
07.05.2024 11:05;31,21;0,488345811;4,933133463
07.05.2024 11:05;31,21;0,488345811;4,933133463
07.05.2024 11:05;31,21;0,488345811;4,933133463
07.05.2024 11:05;31,11;1,46076888;4,933133463
07.05.2024 11:05;31,11;1,46076888;4,933133463
07.05.2024 11:05;31,11;1,46076888;4,933133463
07.05.2024 11:05;31,11;1,46076888;4,933133463
07.05.2024 11:05;31,01;0,727657156;4,933133463
07.05.2024 11:05;31,01;0,727657156;4,933133463
07.05.2024 11:05;31,01;0,727657156;4,933133463
07.05.2024 11:05;31,01;0,727657156;4,933133463
07.05.2024 11:05;31,01;0,727657156;4,933133463
07.05.2024 11:05;30,9;0;4,933133463
07.05.2024 11:05;30,9;0;4,933133463
07.05.2024 11:05;30,9;0;4,933133463
07.05.2024 11:05;30,9;0;4,933133463
07.05.2024 11:05;30,9;0;4,933133463
07.05.2024 11:05;30,77;0,097842421;4,933133463
07.05.2024 11:05;30,77;0,097842421;4,933133463
07.05.2024 11:05;30,77;0,097842421;4,933133463
07.05.2024 11:05;30,77;0,097842421;4,933133463
07.05.2024 11:05;30,63;1,014840576;4,933133463
07.05.2024 11:05;30,63;1,014840576;4,933133463
07.05.2024 11:05;30,63;1,014840576;4,933133463
07.05.2024 11:05;30,63;1,014840576;4,933133463
07.05.2024 11:05;30,63;1,014840576;4,933133463
07.05.2024 11:05;30,5;1,985737632;4,933133463
07.05.2024 11:05;30,5;1,985737632;4,933133463
07.05.2024 11:05;30,5;1,985737632;4,933133463
07.05.2024 11:05;30,5;1,985737632;4,933133463
07.05.2024 11:05;30,37;1,918090323;4,933133463
07.05.2024 11:05;30,37;1,918090323;4,933133463
07.05.2024 11:05;30,37;1,918090323;4,933133463
07.05.2024 11:05;30,37;1,918090323;4,933133463
07.05.2024 11:05;30,37;1,918090323;4,933133463
07.05.2024 11:05;30,25;1,736495427;4,933133463
07.05.2024 11:05;30,25;1,736495427;4,933133463
07.05.2024 11:05;30,25;1,736495427;4,933133463
07.05.2024 11:05;30,25;1,736495427;4,933133463
07.05.2024 11:05;30,25;1,736495427;4,933133463
07.05.2024 11:05;30,13;1,395576575;4,933133463
07.05.2024 11:05;30,13;1,395576575;4,933133463
07.05.2024 11:05;30,13;1,395576575;4,933133463
07.05.2024 11:05;30,13;1,395576575;4,933133463
07.05.2024 11:05;30,02;0,952890255;4,933133463
07.05.2024 11:05;30,02;0,952890255;4,933133463
07.05.2024 11:05;30,02;0,952890255;4,933133463
07.05.2024 11:05;30,02;0,952890255;4,933133463
07.05.2024 11:05;30,02;0,952890255;4,933133463
07.05.2024 11:05;29,9;0,258060091;4,933133463
07.05.2024 11:05;29,9;0,258060091;4,933133463
07.05.2024 11:05;29,9;0,258060091;4,933133463
07.05.2024 11:05;29,9;0,258060091;4,933133463
07.05.2024 11:05;29,8;0;4,933133463
07.05.2024 11:05;29,8;0;4,933133463
07.05.2024 11:05;29,8;0;4,933133463
07.05.2024 11:05;29,8;0;4,933133463
07.05.2024 11:05;29,8;0;4,933133463
07.05.2024 11:05;29,7;0;4,933133463
07.05.2024 11:05;29,7;0;4,933133463
07.05.2024 11:05;29,7;0;4,933133463
07.05.2024 11:05;29,7;0;4,933133463
07.05.2024 11:05;29,63;0,299977484;4,933133463
07.05.2024 11:05;29,63;0,299977484;4,933133463
07.05.2024 11:05;29,63;0,299977484;4,933133463
07.05.2024 11:05;29,63;0,299977484;4,933133463
07.05.2024 11:05;29,63;0,299977484;4,933133463
07.05.2024 11:05;29,57;0;4,933133463
07.05.2024 11:05;29,57;0;4,933133463
07.05.2024 11:05;29,57;0;4,933133463
07.05.2024 11:05;29,57;0;4,933133463
07.05.2024 11:05;29,57;0;4,933133463
07.05.2024 11:05;29,49;0,025056182;4,933133463
07.05.2024 11:05;29,49;0,025056182;4,933133463
07.05.2024 11:05;29,49;0,025056182;4,933133463
07.05.2024 11:05;29,49;0,025056182;4,933133463
07.05.2024 11:05;29,44;0;4,933133463
07.05.2024 11:05;29,44;0;4,933133463
07.05.2024 11:05;29,44;0;4,933133463
07.05.2024 11:05;29,44;0;4,933133463
07.05.2024 11:05;29,44;0;4,933133463
07.05.2024 11:05;29,35;0;4,933133463
07.05.2024 11:05;29,35;0;4,933133463
07.05.2024 11:05;29,35;0;4,933133463
07.05.2024 11:05;29,35;0;4,933133463
07.05.2024 11:05;29,35;0;4,933133463
07.05.2024 11:05;29,29;0;4,933133463
07.05.2024 11:05;29,29;0;4,933133463
07.05.2024 11:05;29,29;0;4,933133463
07.05.2024 11:05;29,29;0;4,933133463
07.05.2024 11:05;29,23;0,789839644;4,933133463
07.05.2024 11:05;29,23;0,789839644;4,933133463
07.05.2024 11:05;29,23;0,789839644;4,933133463
07.05.2024 11:05;29,23;0,789839644;4,933133463
07.05.2024 11:05;29,23;0,789839644;4,933133463
07.05.2024 11:05;29,15;1,171067486;4,933133463
07.05.2024 11:05;29,15;1,171067486;4,933133463
07.05.2024 11:05;29,15;1,171067486;4,933133463
07.05.2024 11:05;29,15;1,171067486;4,933133463
07.05.2024 11:05;29,07;1,560544024;4,933133463
07.05.2024 11:05;29,07;1,560544024;4,933133463
07.05.2024 11:05;29,07;1,560544024;4,933133463
07.05.2024 11:05;29,07;1,560544024;4,933133463
07.05.2024 11:05;29,07;1,560544024;4,933133463
07.05.2024 11:05;28,98;1,61892526;4,933133463
07.05.2024 11:05;28,98;1,61892526;4,933133463
07.05.2024 11:05;28,98;1,61892526;4,933133463
07.05.2024 11:05;28,98;1,61892526;4,933133463
07.05.2024 11:05;28,98;1,61892526;4,933133463
07.05.2024 11:05;28,88;2,402890938;4,933133463
07.05.2024 11:05;28,88;2,402890938;4,933133463
07.05.2024 11:05;28,88;2,402890938;4,933133463
07.05.2024 11:05;28,88;2,402890938;4,933133463
07.05.2024 11:05;28,78;3,058342786;4,933133463
07.05.2024 11:05;28,78;3,058342786;4,933133463
07.05.2024 11:05;28,78;3,058342786;4,933133463
07.05.2024 11:05;28,78;3,058342786;4,933133463
07.05.2024 11:05;28,78;3,058342786;4,933133463
07.05.2024 11:05;28,69;2,821404985;4,933133463
07.05.2024 11:05;28,69;2,821404985;4,933133463
07.05.2024 11:05;28,69;2,821404985;4,933133463
07.05.2024 11:05;28,69;2,821404985;4,933133463
07.05.2024 11:05;28,59;2,087021339;4,933133463
07.05.2024 11:05;28,59;2,087021339;4,933133463
07.05.2024 11:05;28,59;2,087021339;4,933133463
07.05.2024 11:05;28,59;2,087021339;4,933133463
07.05.2024 11:05;28,59;2,087021339;4,933133463
07.05.2024 11:05;28,53;2,087021339;4,943326157
07.05.2024 11:05;28,53;2,087021339;4,943326157
07.05.2024 11:05;28,53;2,087021339;4,943326157
07.05.2024 11:05;28,53;2,087021339;4,943326157
07.05.2024 11:05;28,45;2,453004814;4,933133463
07.05.2024 11:05;28,45;2,453004814;4,933133463
07.05.2024 11:05;28,45;2,453004814;4,933133463
07.05.2024 11:05;28,45;2,453004814;4,933133463
07.05.2024 11:05;28,45;2,453004814;4,933133463
07.05.2024 11:05;28,39;2,625012406;4,933133463
07.05.2024 11:05;28,39;2,625012406;4,933133463
07.05.2024 11:05;28,39;2,625012406;4,933133463
07.05.2024 11:05;28,39;2,625012406;4,933133463
07.05.2024 11:05;28,39;2,625012406;4,933133463
07.05.2024 11:05;28,36;2,477481615;4,933133463
07.05.2024 11:05;28,36;2,477481615;4,933133463
07.05.2024 11:05;28,36;2,477481615;4,933133463
07.05.2024 11:05;28,36;2,477481615;4,933133463
07.05.2024 11:05;28,34;2,294450821;4,933133463
07.05.2024 11:05;28,34;2,294450821;4,933133463
07.05.2024 11:05;28,34;2,294450821;4,933133463
07.05.2024 11:05;28,34;2,294450821;4,933133463
07.05.2024 11:05;28,34;2,294450821;4,933133463
07.05.2024 11:05;28,34;2,971047131;4,933133463
07.05.2024 11:05;28,34;2,971047131;4,933133463
07.05.2024 11:05;28,34;2,971047131;4,933133463
07.05.2024 11:05;28,34;2,971047131;4,933133463
07.05.2024 11:05;28,34;2,971047131;4,933133463
07.05.2024 11:05;28,34;3,400104116;4,933133463
07.05.2024 11:05;28,34;3,400104116;4,933133463
07.05.2024 11:05;28,34;3,400104116;4,933133463
07.05.2024 11:05;28,34;3,400104116;4,933133463
07.05.2024 11:05;28,35;3,862413175;4,933133463
07.05.2024 11:05;28,35;3,862413175;4,933133463
07.05.2024 11:05;28,35;3,862413175;4,933133463
07.05.2024 11:05;28,35;3,862413175;4,933133463
07.05.2024 11:05;28,35;3,862413175;4,933133463
07.05.2024 11:05;28,37;3,773689507;4,933133463
07.05.2024 11:05;28,37;3,773689507;4,933133463
07.05.2024 11:05;28,37;3,773689507;4,933133463
07.05.2024 11:05;28,37;3,773689507;4,933133463
07.05.2024 11:05;28,4;3,985823931;4,933133463
07.05.2024 11:05;28,4;3,985823931;4,933133463
07.05.2024 11:05;28,4;3,985823931;4,933133463
07.05.2024 11:05;28,4;3,985823931;4,933133463
07.05.2024 11:05;28,4;3,985823931;4,933133463
07.05.2024 11:05;28,45;3,654121191;4,933133463
07.05.2024 11:05;28,45;3,654121191;4,933133463
07.05.2024 11:05;28,45;3,654121191;4,933133463
07.05.2024 11:05;28,45;3,654121191;4,933133463
07.05.2024 11:05;28,45;3,055221215;4,933133463
07.05.2024 11:05;28,51;3,055221215;4,933133463
07.05.2024 11:05;28,51;3,055221215;4,933133463
07.05.2024 11:05;28,51;3,055221215;4,933133463
07.05.2024 11:05;28,51;3,055221215;4,933133463
07.05.2024 11:05;28,58;3,905232031;4,933133463
07.05.2024 11:05;28,58;3,905232031;4,933133463
07.05.2024 11:05;28,58;3,905232031;4,933133463
07.05.2024 11:05;28,58;3,905232031;4,933133463
07.05.2024 11:05;28,58;3,905232031;4,933133463
07.05.2024 11:05;28,64;3,295453821;4,933133463
07.05.2024 11:05;28,64;3,295453821;4,933133463
07.05.2024 11:05;28,64;3,295453821;4,933133463
07.05.2024 11:05;28,64;3,295453821;4,933133463
07.05.2024 11:05;28,73;3,435416349;4,933133463
07.05.2024 11:05;28,73;3,435416349;4,933133463
07.05.2024 11:05;28,73;3,435416349;4,933133463
07.05.2024 11:05;28,73;3,435416349;4,933133463
07.05.2024 11:05;28,73;3,435416349;4,933133463
07.05.2024 11:05;28,81;2,618161307;4,933133463
07.05.2024 11:05;28,81;2,618161307;4,933133463
07.05.2024 11:05;28,81;2,618161307;4,933133463
07.05.2024 11:05;28,81;2,618161307;4,933133463
07.05.2024 11:05;28,9;3,23018269;4,933133463
07.05.2024 11:05;28,9;3,23018269;4,933133463
07.05.2024 11:05;28,9;3,23018269;4,933133463
07.05.2024 11:05;28,9;3,23018269;4,933133463
07.05.2024 11:05;28,9;3,23018269;4,933133463
07.05.2024 11:05;29;3,550955002;4,933133463
07.05.2024 11:05;29;3,550955002;4,933133463
07.05.2024 11:05;29;3,550955002;4,933133463
07.05.2024 11:05;29;3,550955002;4,933133463
07.05.2024 11:05;29;3,550955002;4,933133463
07.05.2024 11:05;29,1;4,47617314;4,933133463
07.05.2024 11:05;29,1;4,47617314;4,933133463
07.05.2024 11:05;29,1;4,47617314;4,933133463
07.05.2024 11:05;29,1;4,47617314;4,933133463
07.05.2024 11:05;29,23;3,654126906;4,933133463
07.05.2024 11:05;29,23;3,654126906;4,933133463
07.05.2024 11:05;29,23;3,654126906;4,933133463
07.05.2024 11:05;29,23;3,654126906;4,933133463
07.05.2024 11:05;29,23;3,654126906;4,933133463
07.05.2024 11:05;29,33;3,521732226;4,933133463
07.05.2024 11:05;29,33;3,521732226;4,933133463
07.05.2024 11:05;29,33;3,521732226;4,933133463
07.05.2024 11:05;29,33;3,521732226;4,933133463
07.05.2024 11:05;29,44;3,483402152;4,933133463
07.05.2024 11:05;29,44;3,483402152;4,933133463
07.05.2024 11:05;29,44;3,483402152;4,933133463
07.05.2024 11:05;29,44;3,483402152;4,933133463
07.05.2024 11:05;29,44;3,483402152;4,933133463
07.05.2024 11:05;29,56;4,069232805;4,933133463
07.05.2024 11:05;29,56;4,069232805;4,933133463
07.05.2024 11:05;29,56;4,069232805;4,933133463
07.05.2024 11:05;29,56;4,069232805;4,933133463
07.05.2024 11:05;29,56;4,069232805;4,933133463
07.05.2024 11:05;29,66;3,288933303;4,933133463
07.05.2024 11:05;29,66;3,288933303;4,933133463
07.05.2024 11:05;29,66;3,288933303;4,933133463
07.05.2024 11:05;29,66;3,288933303;4,933133463
07.05.2024 11:05;29,75;4,25680811;4,933133463
07.05.2024 11:05;29,75;4,25680811;4,933133463
07.05.2024 11:05;29,75;4,25680811;4,933133463
07.05.2024 11:05;29,75;4,25680811;4,933133463
07.05.2024 11:05;29,75;4,25680811;4,933133463
07.05.2024 11:05;29,85;3,862572889;4,933133463
07.05.2024 11:05;29,85;3,862572889;4,933133463
07.05.2024 11:05;29,85;3,862572889;4,933133463
07.05.2024 11:05;29,85;3,862572889;4,933133463
07.05.2024 11:05;29,97;3,524996575;4,933133463
07.05.2024 11:05;29,97;3,524996575;4,933133463
07.05.2024 11:05;29,97;3,524996575;4,933133463
07.05.2024 11:05;29,97;3,524996575;4,933133463
07.05.2024 11:05;29,97;3,524996575;4,933133463
07.05.2024 11:05;30,07;3,504764626;4,933133463
07.05.2024 11:05;30,07;3,504764626;4,933133463
07.05.2024 11:05;30,07;3,504764626;4,933133463
07.05.2024 11:05;30,07;3,504764626;4,933133463
07.05.2024 11:05;30,07;3,504764626;4,933133463
07.05.2024 11:05;30,16;2,611882595;4,933133463
07.05.2024 11:05;30,16;2,611882595;4,933133463
07.05.2024 11:05;30,16;2,611882595;4,933133463
07.05.2024 11:05;30,16;2,611882595;4,933133463
07.05.2024 11:05;30,25;2,194829126;4,933133463
07.05.2024 11:05;30,25;2,194829126;4,933133463
07.05.2024 11:05;30,25;2,194829126;4,933133463
07.05.2024 11:05;30,25;2,194829126;4,933133463
07.05.2024 11:05;30,25;2,194829126;4,933133463
07.05.2024 11:05;30,35;2,403336166;4,933133463
07.05.2024 11:05;30,35;2,403336166;4,933133463
07.05.2024 11:05;30,35;2,403336166;4,933133463
07.05.2024 11:05;30,35;2,403336166;4,933133463
07.05.2024 11:05;30,45;1,771260796;4,933133463
07.05.2024 11:05;30,45;1,771260796;4,933133463
07.05.2024 11:05;30,45;1,771260796;4,933133463
07.05.2024 11:05;30,45;1,771260796;4,933133463
07.05.2024 11:05;30,45;1,771260796;4,933133463
07.05.2024 11:05;30,54;2,213651368;4,933133463
07.05.2024 11:05;30,54;2,213651368;4,933133463
07.05.2024 11:05;30,54;2,213651368;4,933133463
07.05.2024 11:05;30,54;2,213651368;4,933133463
07.05.2024 11:05;30,54;2,213651368;4,933133463
07.05.2024 11:05;30,63;2,367587325;4,933133463
07.05.2024 11:06;30,63;2,367587325;4,933133463
07.05.2024 11:06;30,63;2,367587325;4,933133463
07.05.2024 11:06;30,63;2,367587325;4,933133463
07.05.2024 11:06;30,72;3,072868026;4,933133463
07.05.2024 11:06;30,72;3,072868026;4,933133463
07.05.2024 11:06;30,72;3,072868026;4,933133463
07.05.2024 11:06;30,72;3,072868026;4,933133463
07.05.2024 11:06;30,72;3,072868026;4,933133463
07.05.2024 11:06;30,79;3,639237242;4,933133463
07.05.2024 11:06;30,79;3,639237242;4,933133463
07.05.2024 11:06;30,79;3,639237242;4,933133463
07.05.2024 11:06;30,79;3,639237242;4,933133463
07.05.2024 11:06;30,86;4,285634754;4,933133463
07.05.2024 11:06;30,86;4,285634754;4,933133463
07.05.2024 11:06;30,86;4,285634754;4,933133463
07.05.2024 11:06;30,86;4,285634754;4,933133463
07.05.2024 11:06;30,86;4,285634754;4,933133463
07.05.2024 11:06;30,91;5;4,933133463
07.05.2024 11:06;30,91;5;4,933133463
07.05.2024 11:06;30,91;5;4,933133463
07.05.2024 11:06;30,91;5;4,933133463
07.05.2024 11:06;30,91;5;4,933133463
07.05.2024 11:06;30,97;5;4,933133463
07.05.2024 11:06;30,97;5;4,933133463
07.05.2024 11:06;30,97;5;4,933133463
07.05.2024 11:06;30,97;5;4,933133463
07.05.2024 11:06;31,01;4,628573526;4,933133463
07.05.2024 11:06;31,01;4,628573526;4,933133463
07.05.2024 11:06;31,01;4,628573526;4,933133463
07.05.2024 11:06;31,01;4,628573526;4,933133463
07.05.2024 11:06;31,01;4,628573526;4,933133463
07.05.2024 11:06;31,05;4,385587902;4,933133463
07.05.2024 11:06;31,05;4,385587902;4,933133463
07.05.2024 11:06;31,05;4,385587902;4,933133463
07.05.2024 11:06;31,05;4,385587902;4,933133463
07.05.2024 11:06;31,05;4,385587902;4,933133463
07.05.2024 11:06;31,07;4,868638099;4,933133463
07.05.2024 11:06;31,07;4,868638099;4,933133463
07.05.2024 11:06;31,07;4,868638099;4,933133463
07.05.2024 11:06;31,07;4,868638099;4,933133463
07.05.2024 11:06;31,1;4,25733925;4,933133463
07.05.2024 11:06;31,1;4,25733925;4,933133463
07.05.2024 11:06;31,1;4,25733925;4,933133463
07.05.2024 11:06;31,1;4,25733925;4,933133463
07.05.2024 11:06;31,1;4,25733925;4,933133463
07.05.2024 11:06;31,14;4,25733925;4,933133463
07.05.2024 11:06;31,14;4,25733925;4,933133463
07.05.2024 11:06;31,14;4,25733925;4,933133463
07.05.2024 11:06;31,14;4,25733925;4,933133463
07.05.2024 11:06;31,18;4,546914474;4,933133463
07.05.2024 11:06;31,18;4,546914474;4,933133463
07.05.2024 11:06;31,18;4,546914474;4,933133463
07.05.2024 11:06;31,18;4,546914474;4,933133463
07.05.2024 11:06;31,18;4,546914474;4,933133463
07.05.2024 11:06;31,21;3,903673396;4,933133463
07.05.2024 11:06;31,21;3,903673396;4,933133463
07.05.2024 11:06;31,21;3,903673396;4,933133463
07.05.2024 11:06;31,21;3,903673396;4,933133463
07.05.2024 11:06;31,29;4,6399233;4,933133463
07.05.2024 11:06;31,29;4,6399233;4,933133463
07.05.2024 11:06;31,29;4,6399233;4,933133463
07.05.2024 11:06;31,29;4,6399233;4,933133463
07.05.2024 11:06;31,29;4,6399233;4,933133463
07.05.2024 11:06;31,37;4,305883644;4,933133463
07.05.2024 11:06;31,37;4,305883644;4,933133463
07.05.2024 11:06;31,37;4,305883644;4,933133463
07.05.2024 11:06;31,37;4,305883644;4,933133463
07.05.2024 11:06;31,37;4,305883644;4,933133463
07.05.2024 11:06;31,47;3,353116724;4,933133463
07.05.2024 11:06;31,47;3,353116724;4,933133463
07.05.2024 11:06;31,47;3,353116724;4,933133463
07.05.2024 11:06;31,47;3,353116724;4,933133463
07.05.2024 11:06;31,57;3,002993841;4,933133463
07.05.2024 11:06;31,57;3,002993841;4,933133463
07.05.2024 11:06;31,57;3,002993841;4,933133463
07.05.2024 11:06;31,57;3,002993841;4,933133463
07.05.2024 11:06;31,57;3,002993841;4,933133463
07.05.2024 11:06;31,66;3,201476724;4,933133463
07.05.2024 11:06;31,66;3,201476724;4,933133463
07.05.2024 11:06;31,66;3,201476724;4,933133463
07.05.2024 11:06;31,66;3,201476724;4,933133463
07.05.2024 11:06;31,66;3,201476724;4,933133463
07.05.2024 11:06;31,77;3,978931879;4,933133463
07.05.2024 11:06;31,77;3,978931879;4,933133463
07.05.2024 11:06;31,77;3,978931879;4,933133463
07.05.2024 11:06;31,77;3,978931879;4,933133463
07.05.2024 11:06;31,89;4,716540804;4,933133463
07.05.2024 11:06;31,89;4,716540804;4,933133463
07.05.2024 11:06;31,89;4,716540804;4,933133463
07.05.2024 11:06;31,89;4,716540804;4,933133463
07.05.2024 11:06;31,89;4,716540804;4,933133463
07.05.2024 11:06;32;5;4,933133463
07.05.2024 11:06;32;5;4,933133463
07.05.2024 11:06;32;5;4,933133463
07.05.2024 11:06;32;5;4,933133463
07.05.2024 11:06;32,11;5;4,933133463
07.05.2024 11:06;32,11;5;4,933133463
07.05.2024 11:06;32,11;5;4,933133463
07.05.2024 11:06;32,11;5;4,933133463
07.05.2024 11:06;32,11;5;4,933133463
07.05.2024 11:06;32,22;5;4,933133463
07.05.2024 11:06;32,22;5;4,933133463
07.05.2024 11:06;32,22;5;4,933133463
07.05.2024 11:06;32,22;5;4,933133463
07.05.2024 11:06;32,22;5;4,933133463
07.05.2024 11:06;32,31;5;4,933133463
07.05.2024 11:06;32,31;5;4,933133463
07.05.2024 11:06;32,31;5;4,933133463
07.05.2024 11:06;32,31;5;4,933133463
07.05.2024 11:06;32,39;5;4,933133463
07.05.2024 11:06;32,39;5;4,933133463
07.05.2024 11:06;32,39;5;4,933133463
07.05.2024 11:06;32,39;5;4,933133463
07.05.2024 11:06;32,39;5;4,933133463
07.05.2024 11:06;32,46;4,952307093;4,933133463
07.05.2024 11:06;32,46;4,952307093;4,933133463
07.05.2024 11:06;32,46;4,952307093;4,933133463
07.05.2024 11:06;32,46;4,952307093;4,933133463
07.05.2024 11:06;32,54;4,836901496;4,933133463
07.05.2024 11:06;32,54;4,836901496;4,933133463
07.05.2024 11:06;32,54;4,836901496;4,933133463
07.05.2024 11:06;32,54;4,836901496;4,933133463
07.05.2024 11:06;32,54;4,836901496;4,933133463
07.05.2024 11:06;32,65;4,048105923;4,933133463
07.05.2024 11:06;32,65;4,048105923;4,933133463
07.05.2024 11:06;32,65;4,048105923;4,933133463
07.05.2024 11:06;32,65;4,048105923;4,933133463
07.05.2024 11:06;32,72;4,062278547;4,933133463
07.05.2024 11:06;32,72;4,062278547;4,933133463
07.05.2024 11:06;32,72;4,062278547;4,933133463
07.05.2024 11:06;32,72;4,062278547;4,933133463
07.05.2024 11:06;32,72;4,062278547;4,933133463
07.05.2024 11:06;32,79;3,511567481;4,933133463
07.05.2024 11:06;32,79;3,511567481;4,933133463
07.05.2024 11:06;32,79;3,511567481;4,933133463
07.05.2024 11:06;32,79;3,511567481;4,933133463
07.05.2024 11:06;32,79;3,511567481;4,933133463
07.05.2024 11:06;32,88;3,86675857;4,933133463
07.05.2024 11:06;32,88;3,86675857;4,933133463
07.05.2024 11:06;32,88;3,86675857;4,933133463
07.05.2024 11:06;32,88;3,86675857;4,933133463
07.05.2024 11:06;32,97;3,195088371;4,933133463
07.05.2024 11:06;32,97;3,195088371;4,933133463
07.05.2024 11:06;32,97;3,195088371;4,933133463
07.05.2024 11:06;32,97;3,195088371;4,933133463
07.05.2024 11:06;32,97;3,195088371;4,933133463
07.05.2024 11:06;33,06;2,198715755;4,454076813
07.05.2024 11:06;33,06;2,198715755;4,454076813
07.05.2024 11:06;33,06;2,198715755;4,454076813
07.05.2024 11:06;33,06;2,198715755;4,454076813
07.05.2024 11:06;33,15;1,499088386;3,862900523
07.05.2024 11:06;33,15;1,499088386;3,862900523
07.05.2024 11:06;33,15;1,499088386;3,862900523
07.05.2024 11:06;33,15;1,499088386;3,862900523
07.05.2024 11:06;33,15;1,499088386;3,862900523
07.05.2024 11:06;33,27;1,457797837;3,689624713
07.05.2024 11:06;33,27;1,457797837;3,689624713
07.05.2024 11:06;33,27;1,457797837;3,689624713
07.05.2024 11:06;33,27;1,457797837;3,689624713
07.05.2024 11:06;33,27;1,457797837;3,689624713
07.05.2024 11:06;33,37;1,153872696;3,597890461
07.05.2024 11:06;33,37;1,153872696;3,597890461
07.05.2024 11:06;33,37;1,153872696;3,597890461
07.05.2024 11:06;33,37;1,153872696;3,597890461
07.05.2024 11:06;33,46;0,838813785;3,445000041
07.05.2024 11:06;33,46;0,838813785;3,445000041
07.05.2024 11:06;33,46;0,838813785;3,445000041
07.05.2024 11:06;33,46;0,838813785;3,445000041
07.05.2024 11:06;33,46;0,838813785;3,445000041
07.05.2024 11:06;33,52;1,412407097;3,220760759
07.05.2024 11:06;33,52;1,412407097;3,220760759
07.05.2024 11:06;33,52;1,412407097;3,220760759
07.05.2024 11:06;33,52;1,412407097;3,220760759
07.05.2024 11:06;33,61;0,948754543;2,955750697
07.05.2024 11:06;33,61;0,948754543;2,955750697
07.05.2024 11:06;33,61;0,948754543;2,955750697
07.05.2024 11:06;33,61;0,948754543;2,955750697
07.05.2024 11:06;33,61;0,948754543;2,955750697
07.05.2024 11:06;33,67;1,754163987;2,731511415
07.05.2024 11:06;33,67;1,754163987;2,731511415
07.05.2024 11:06;33,67;1,754163987;2,731511415
07.05.2024 11:06;33,67;1,754163987;2,731511415
07.05.2024 11:06;33,67;1,754163987;2,731511415
07.05.2024 11:06;33,71;2,334591825;2,5684283
07.05.2024 11:06;33,71;2,334591825;2,5684283
07.05.2024 11:06;33,71;2,334591825;2,5684283
07.05.2024 11:06;33,71;2,334591825;2,5684283
07.05.2024 11:06;33,75;2,631236437;2,486886743
07.05.2024 11:06;33,75;2,631236437;2,486886743
07.05.2024 11:06;33,75;2,631236437;2,486886743
07.05.2024 11:06;33,75;2,631236437;2,486886743
07.05.2024 11:06;33,75;2,631236437;2,486886743
07.05.2024 11:06;33,76;3,052175826;2,466501353
07.05.2024 11:06;33,76;3,052175826;2,466501353
07.05.2024 11:06;33,76;3,052175826;2,466501353
07.05.2024 11:06;33,76;3,052175826;2,466501353
07.05.2024 11:06;33,76;3,43673095;2,456308659
07.05.2024 11:06;33,76;3,43673095;2,456308659
07.05.2024 11:06;33,76;3,43673095;2,456308659
07.05.2024 11:06;33,76;3,43673095;2,456308659
07.05.2024 11:06;33,76;3,43673095;2,456308659
07.05.2024 11:06;33,74;3,009699725;2,446115964
07.05.2024 11:06;33,74;3,009699725;2,446115964
07.05.2024 11:06;33,74;3,009699725;2,446115964
07.05.2024 11:06;33,74;3,009699725;2,446115964
07.05.2024 11:06;33,74;3,009699725;2,446115964
07.05.2024 11:06;33,7;2,305955153;2,435923269
07.05.2024 11:06;33,7;2,305955153;2,435923269
07.05.2024 11:06;33,7;2,305955153;2,435923269
07.05.2024 11:06;33,7;2,305955153;2,435923269
07.05.2024 11:06;33,67;3,16889673;2,425730575
07.05.2024 11:06;33,67;3,16889673;2,425730575
07.05.2024 11:06;33,67;3,16889673;2,425730575
07.05.2024 11:06;33,67;3,16889673;2,425730575
07.05.2024 11:06;33,67;3,16889673;2,425730575
07.05.2024 11:06;33,61;2,400521632;2,425730575
07.05.2024 11:06;33,61;2,400521632;2,425730575
07.05.2024 11:06;33,61;2,400521632;2,425730575
07.05.2024 11:06;33,61;2,400521632;2,425730575
07.05.2024 11:06;33,56;3,340326068;2,425730575
07.05.2024 11:06;33,56;3,340326068;2,425730575
07.05.2024 11:06;33,56;3,340326068;2,425730575
07.05.2024 11:06;33,56;3,340326068;2,425730575
07.05.2024 11:06;33,56;3,340326068;2,425730575
07.05.2024 11:06;33,52;2,955516673;2,425730575
07.05.2024 11:06;33,52;2,955516673;2,425730575
07.05.2024 11:06;33,52;2,955516673;2,425730575
07.05.2024 11:06;33,52;2,955516673;2,425730575
07.05.2024 11:06;33,48;2,285407608;2,425730575
07.05.2024 11:06;33,48;2,285407608;2,425730575
07.05.2024 11:06;33,48;2,285407608;2,425730575
07.05.2024 11:06;33,48;2,285407608;2,425730575
07.05.2024 11:06;33,48;2,285407608;2,425730575
07.05.2024 11:06;33,44;2,194042693;2,435923269
07.05.2024 11:06;33,44;2,194042693;2,435923269
07.05.2024 11:06;33,44;2,194042693;2,435923269
07.05.2024 11:06;33,44;2,194042693;2,435923269
07.05.2024 11:06;33,44;2,194042693;2,435923269
07.05.2024 11:06;33,43;2,194042693;2,425730575
07.05.2024 11:06;33,43;2,194042693;2,425730575
07.05.2024 11:06;33,43;2,194042693;2,425730575
07.05.2024 11:06;33,43;2,194042693;2,425730575
07.05.2024 11:06;33,41;1,99953407;2,41553788
07.05.2024 11:06;33,41;1,99953407;2,41553788
07.05.2024 11:06;33,41;1,99953407;2,41553788
07.05.2024 11:06;33,41;1,99953407;2,41553788
07.05.2024 11:06;33,41;1,99953407;2,41553788
07.05.2024 11:06;33,41;2,470432185;2,425730575
07.05.2024 11:06;33,41;2,470432185;2,425730575
07.05.2024 11:06;33,41;2,470432185;2,425730575
07.05.2024 11:06;33,41;2,470432185;2,425730575
07.05.2024 11:06;33,41;2,470432185;2,425730575
07.05.2024 11:06;33,42;1,979609275;2,425730575
07.05.2024 11:06;33,42;1,979609275;2,425730575
07.05.2024 11:06;33,42;1,979609275;2,425730575
07.05.2024 11:06;33,42;1,979609275;2,425730575
07.05.2024 11:06;33,43;2,944501766;2,41553788
07.05.2024 11:06;33,43;2,944501766;2,41553788
07.05.2024 11:06;33,43;2,944501766;2,41553788
07.05.2024 11:06;33,43;2,944501766;2,41553788
07.05.2024 11:06;33,43;2,944501766;2,41553788
07.05.2024 11:06;33,47;3,202980843;2,41553788
07.05.2024 11:06;33,47;3,202980843;2,41553788
07.05.2024 11:06;33,47;3,202980843;2,41553788
07.05.2024 11:06;33,47;3,202980843;2,41553788
07.05.2024 11:06;33,49;2,604315116;2,425730575
07.05.2024 11:06;33,49;2,604315116;2,425730575
07.05.2024 11:06;33,49;2,604315116;2,425730575
07.05.2024 11:06;33,49;2,604315116;2,425730575
07.05.2024 11:06;33,49;2,604315116;2,425730575
07.05.2024 11:06;33,52;3,390531509;2,425730575
07.05.2024 11:06;33,52;3,390531509;2,425730575
07.05.2024 11:06;33,52;3,390531509;2,425730575
07.05.2024 11:06;33,52;3,390531509;2,425730575
07.05.2024 11:06;33,52;3,390531509;2,425730575
07.05.2024 11:06;33,55;3,084621928;2,41553788
07.05.2024 11:06;33,55;3,084621928;2,41553788
07.05.2024 11:06;33,55;3,084621928;2,41553788
07.05.2024 11:06;33,55;3,084621928;2,41553788
07.05.2024 11:06;33,58;3,006639465;2,425730575
07.05.2024 11:06;33,58;3,006639465;2,425730575
07.05.2024 11:06;33,58;3,006639465;2,425730575
07.05.2024 11:06;33,58;3,006639465;2,425730575
07.05.2024 11:06;33,58;3,006639465;2,425730575
07.05.2024 11:06;33,61;3,535779512;2,41553788
07.05.2024 11:06;33,61;3,535779512;2,41553788
07.05.2024 11:06;33,61;3,535779512;2,41553788
07.05.2024 11:06;33,61;3,535779512;2,41553788
07.05.2024 11:06;33,66;4,150180414;2,425730575
07.05.2024 11:06;33,66;4,150180414;2,425730575
07.05.2024 11:06;33,66;4,150180414;2,425730575
07.05.2024 11:06;33,66;4,150180414;2,425730575
07.05.2024 11:06;33,66;4,150180414;2,425730575
07.05.2024 11:06;33,7;3,457905857;2,41553788
07.05.2024 11:06;33,7;3,457905857;2,41553788
07.05.2024 11:06;33,7;3,457905857;2,41553788
07.05.2024 11:06;33,7;3,457905857;2,41553788
07.05.2024 11:06;33,7;3,457905857;2,41553788
07.05.2024 11:06;33,74;2,585764963;2,41553788
07.05.2024 11:06;33,74;2,585764963;2,41553788
07.05.2024 11:06;33,74;2,585764963;2,41553788
07.05.2024 11:06;33,74;2,585764963;2,41553788
07.05.2024 11:06;33,76;1,646136314;2,425730575
07.05.2024 11:06;33,76;1,646136314;2,425730575
07.05.2024 11:06;33,76;1,646136314;2,425730575
07.05.2024 11:06;33,76;1,646136314;2,425730575
07.05.2024 11:06;33,76;1,646136314;2,425730575
07.05.2024 11:06;33,8;1,932084154;2,425730575
07.05.2024 11:06;33,8;1,932084154;2,425730575
07.05.2024 11:06;33,8;1,932084154;2,425730575
07.05.2024 11:06;33,8;1,932084154;2,425730575
07.05.2024 11:06;33,85;0,988470445;2,425730575
07.05.2024 11:06;33,85;0,988470445;2,425730575
07.05.2024 11:06;33,85;0,988470445;2,425730575
07.05.2024 11:06;33,85;0,988470445;2,425730575
07.05.2024 11:06;33,85;0,988470445;2,425730575
07.05.2024 11:06;33,9;0,766010898;2,425730575
07.05.2024 11:06;33,9;0,766010898;2,425730575
07.05.2024 11:06;33,9;0,766010898;2,425730575
07.05.2024 11:06;33,9;0,766010898;2,425730575
07.05.2024 11:06;33,9;0,766010898;2,425730575
07.05.2024 11:06;33,95;1,735896382;2,425730575
07.05.2024 11:06;33,95;1,735896382;2,425730575
07.05.2024 11:06;33,95;1,735896382;2,425730575
07.05.2024 11:06;33,95;1,735896382;2,425730575
07.05.2024 11:06;34;2,098188374;2,41553788
07.05.2024 11:06;34;2,098188374;2,41553788
07.05.2024 11:06;34;2,098188374;2,41553788
07.05.2024 11:06;34;2,098188374;2,41553788
07.05.2024 11:06;34;2,098188374;2,41553788
07.05.2024 11:06;34,06;2,174472178;2,425730575
07.05.2024 11:06;34,06;2,174472178;2,425730575
07.05.2024 11:06;34,06;2,174472178;2,425730575
07.05.2024 11:06;34,06;2,174472178;2,425730575
07.05.2024 11:06;34,11;1,836607616;2,425730575
07.05.2024 11:06;34,11;1,836607616;2,425730575
07.05.2024 11:06;34,11;1,836607616;2,425730575
07.05.2024 11:06;34,11;1,836607616;2,425730575
07.05.2024 11:06;34,11;1,836607616;2,425730575
07.05.2024 11:06;34,14;2,808653327;2,425730575
07.05.2024 11:06;34,14;2,808653327;2,425730575
07.05.2024 11:06;34,14;2,808653327;2,425730575
07.05.2024 11:06;34,14;2,808653327;2,425730575
07.05.2024 11:06;34,14;2,808653327;2,425730575
07.05.2024 11:06;34,18;1,965834413;2,41553788
07.05.2024 11:06;34,18;1,965834413;2,41553788
07.05.2024 11:06;34,18;1,965834413;2,41553788
07.05.2024 11:06;34,18;1,965834413;2,41553788
07.05.2024 11:06;34,22;1,527937341;2,41553788
07.05.2024 11:06;34,22;1,527937341;2,41553788
07.05.2024 11:06;34,22;1,527937341;2,41553788
07.05.2024 11:06;34,22;1,527937341;2,41553788
07.05.2024 11:06;34,22;1,527937341;2,41553788
07.05.2024 11:06;34,25;0,584496034;2,425730575
07.05.2024 11:06;34,25;0,584496034;2,425730575
07.05.2024 11:06;34,25;0,584496034;2,425730575
07.05.2024 11:06;34,25;0,584496034;2,425730575
07.05.2024 11:06;34,27;0,09539779;2,41553788
07.05.2024 11:06;34,27;0,09539779;2,41553788
07.05.2024 11:06;34,27;0,09539779;2,41553788
07.05.2024 11:06;34,27;0,09539779;2,41553788
07.05.2024 11:06;34,27;0,09539779;2,41553788
07.05.2024 11:06;34,3;0;2,425730575
07.05.2024 11:06;34,3;0;2,425730575
07.05.2024 11:06;34,3;0;2,425730575
07.05.2024 11:06;34,3;0;2,425730575
07.05.2024 11:06;34,3;0,483897394;2,425730575
07.05.2024 11:06;34,32;0,483897394;2,425730575
07.05.2024 11:06;34,32;0,483897394;2,425730575
07.05.2024 11:06;34,32;0,483897394;2,425730575
07.05.2024 11:06;34,32;0,483897394;2,425730575
07.05.2024 11:06;34,32;0,573262911;2,41553788
07.05.2024 11:06;34,32;0,573262911;2,41553788
07.05.2024 11:06;34,32;0,573262911;2,41553788
07.05.2024 11:06;34,32;0,573262911;2,41553788
07.05.2024 11:06;34,32;0,573262911;2,41553788
07.05.2024 11:06;34,34;0,226232411;2,425730575
07.05.2024 11:06;34,34;0,226232411;2,425730575
07.05.2024 11:06;34,34;0,226232411;2,425730575
07.05.2024 11:06;34,34;0,226232411;2,425730575
07.05.2024 11:06;34,32;0;2,425730575
07.05.2024 11:06;34,32;0;2,425730575
07.05.2024 11:06;34,32;0;2,425730575
07.05.2024 11:06;34,32;0;2,425730575
07.05.2024 11:06;34,32;0;2,425730575
07.05.2024 11:06;34,32;0;2,425730575
07.05.2024 11:06;34,32;0;2,425730575
07.05.2024 11:06;34,32;0;2,425730575
07.05.2024 11:06;34,32;0;2,425730575
07.05.2024 11:06;34,32;0;2,425730575
07.05.2024 11:06;34,3;0;2,41553788
07.05.2024 11:06;34,3;0;2,41553788
07.05.2024 11:06;34,3;0;2,41553788
07.05.2024 11:06;34,3;0;2,41553788
07.05.2024 11:06;34,28;0;2,41553788
07.05.2024 11:06;34,28;0;2,41553788
07.05.2024 11:06;34,28;0;2,41553788
07.05.2024 11:06;34,28;0;2,41553788
07.05.2024 11:06;34,28;0;2,41553788
07.05.2024 11:06;34,26;0,522838424;2,425730575
07.05.2024 11:06;34,26;0,522838424;2,425730575
07.05.2024 11:06;34,26;0,522838424;2,425730575
07.05.2024 11:06;34,26;0,522838424;2,425730575
07.05.2024 11:06;34,21;0,055567693;2,425730575
07.05.2024 11:06;34,21;0,055567693;2,425730575
07.05.2024 11:06;34,21;0,055567693;2,425730575
07.05.2024 11:06;34,21;0,055567693;2,425730575
07.05.2024 11:06;34,21;0,055567693;2,425730575
07.05.2024 11:06;34,17;0,846763234;2,41553788
07.05.2024 11:06;34,17;0,846763234;2,41553788
07.05.2024 11:06;34,17;0,846763234;2,41553788
07.05.2024 11:06;34,17;0,846763234;2,41553788
07.05.2024 11:06;34,17;0,846763234;2,41553788
07.05.2024 11:06;34,09;0,840580194;2,41553788
07.05.2024 11:06;34,09;0,840580194;2,41553788
07.05.2024 11:06;34,09;0,840580194;2,41553788
07.05.2024 11:06;34,09;0,840580194;2,41553788
07.05.2024 11:06;34,06;1,278175976;2,41553788
07.05.2024 11:06;34,06;1,278175976;2,41553788
07.05.2024 11:06;34,06;1,278175976;2,41553788
07.05.2024 11:06;34,06;1,278175976;2,41553788
07.05.2024 11:06;34,06;1,278175976;2,41553788
07.05.2024 11:06;33,98;0,561782792;2,425730575
07.05.2024 11:06;33,98;0,561782792;2,425730575
07.05.2024 11:06;33,98;0,561782792;2,425730575
07.05.2024 11:06;33,98;0,561782792;2,425730575
07.05.2024 11:06;33,9;1,34915971;2,425730575
07.05.2024 11:06;33,9;1,34915971;2,425730575
07.05.2024 11:06;33,9;1,34915971;2,425730575
07.05.2024 11:06;33,9;1,34915971;2,425730575
07.05.2024 11:06;33,9;1,34915971;2,425730575
07.05.2024 11:06;33,84;2,191416738;2,425730575
07.05.2024 11:06;33,84;2,191416738;2,425730575
07.05.2024 11:06;33,84;2,191416738;2,425730575
07.05.2024 11:06;33,84;2,191416738;2,425730575
07.05.2024 11:06;33,84;2,191416738;2,425730575
07.05.2024 11:06;33,76;2,191416738;2,41553788
07.05.2024 11:06;33,76;2,191416738;2,41553788
07.05.2024 11:06;33,76;2,191416738;2,41553788
07.05.2024 11:06;33,76;2,191416738;2,41553788
07.05.2024 11:06;33,7;2,074808645;2,425730575
07.05.2024 11:06;33,7;2,074808645;2,425730575
07.05.2024 11:06;33,7;2,074808645;2,425730575
07.05.2024 11:06;33,7;2,074808645;2,425730575
07.05.2024 11:06;33,7;2,074808645;2,425730575
07.05.2024 11:06;33,61;1,126096435;2,425730575
07.05.2024 11:06;33,61;1,126096435;2,425730575
07.05.2024 11:06;33,61;1,126096435;2,425730575
07.05.2024 11:06;33,61;1,126096435;2,425730575
07.05.2024 11:06;33,55;1,808340146;2,41553788
07.05.2024 11:06;33,55;1,808340146;2,41553788
07.05.2024 11:06;33,55;1,808340146;2,41553788
07.05.2024 11:06;33,55;1,808340146;2,41553788
07.05.2024 11:06;33,55;1,808340146;2,41553788
07.05.2024 11:06;33,44;1,921554092;2,41553788
07.05.2024 11:06;33,44;1,921554092;2,41553788
07.05.2024 11:06;33,44;1,921554092;2,41553788
07.05.2024 11:06;33,44;1,921554092;2,41553788
07.05.2024 11:06;33,44;1,921554092;2,41553788
07.05.2024 11:06;33,38;2,178250109;2,425730575
07.05.2024 11:06;33,38;2,178250109;2,425730575
07.05.2024 11:06;33,38;2,178250109;2,425730575
07.05.2024 11:06;33,38;2,178250109;2,425730575
07.05.2024 11:06;33,29;1,690847534;2,41553788
07.05.2024 11:06;33,29;1,690847534;2,41553788
07.05.2024 11:06;33,29;1,690847534;2,41553788
07.05.2024 11:06;33,29;1,690847534;2,41553788
07.05.2024 11:06;33,29;1,690847534;2,41553788
07.05.2024 11:06;33,23;1,701155122;2,425730575
07.05.2024 11:06;33,23;1,701155122;2,425730575
07.05.2024 11:06;33,23;1,701155122;2,425730575
07.05.2024 11:06;33,23;1,701155122;2,425730575
07.05.2024 11:06;33,18;2,507710408;2,425730575
07.05.2024 11:06;33,18;2,507710408;2,425730575
07.05.2024 11:06;33,18;2,507710408;2,425730575
07.05.2024 11:06;33,18;2,507710408;2,425730575
07.05.2024 11:06;33,18;2,507710408;2,425730575
07.05.2024 11:06;33,11;2,961794857;2,41553788
07.05.2024 11:06;33,11;2,961794857;2,41553788
07.05.2024 11:06;33,11;2,961794857;2,41553788
07.05.2024 11:06;33,11;2,961794857;2,41553788
07.05.2024 11:06;33,11;2,961794857;2,41553788
07.05.2024 11:06;33,06;3,931713808;2,41553788
07.05.2024 11:06;33,06;3,931713808;2,41553788
07.05.2024 11:06;33,06;3,931713808;2,41553788
07.05.2024 11:06;33,06;3,931713808;2,41553788
07.05.2024 11:06;33,01;4,184612422;2,41553788
07.05.2024 11:06;33,01;4,184612422;2,41553788
07.05.2024 11:06;33,01;4,184612422;2,41553788
07.05.2024 11:06;33,01;4,184612422;2,41553788
07.05.2024 11:06;33,01;4,184612422;2,41553788
07.05.2024 11:06;33;4,438219552;2,41553788
07.05.2024 11:06;33;4,438219552;2,41553788
07.05.2024 11:06;33;4,438219552;2,41553788
07.05.2024 11:06;33;4,438219552;2,41553788
07.05.2024 11:06;33;4,438219552;2,41553788
07.05.2024 11:06;32,97;3,6847192;2,425730575
07.05.2024 11:06;32,97;3,6847192;2,425730575
07.05.2024 11:06;32,97;3,6847192;2,425730575
07.05.2024 11:06;32,97;3,6847192;2,425730575
07.05.2024 11:06;32,97;3,518164865;2,41553788
07.05.2024 11:06;32,97;3,518164865;2,41553788
07.05.2024 11:06;32,97;3,518164865;2,41553788
07.05.2024 11:06;32,97;3,518164865;2,41553788
07.05.2024 11:06;32,97;3,518164865;2,41553788
07.05.2024 11:06;32,97;3,831881894;2,425730575
07.05.2024 11:06;32,97;3,831881894;2,425730575
07.05.2024 11:06;32,97;3,831881894;2,425730575
07.05.2024 11:06;32,97;3,831881894;2,425730575
07.05.2024 11:06;32,99;4,778956056;2,425730575
07.05.2024 11:06;32,99;4,778956056;2,425730575
07.05.2024 11:06;32,99;4,778956056;2,425730575
07.05.2024 11:06;32,99;4,778956056;2,425730575
07.05.2024 11:06;32,99;4,778956056;2,425730575
07.05.2024 11:06;32,99;5;2,41553788
07.05.2024 11:06;32,99;5;2,41553788
07.05.2024 11:06;32,99;5;2,41553788
07.05.2024 11:06;32,99;5;2,41553788
07.05.2024 11:06;33;4,747577321;2,41553788
07.05.2024 11:06;33;4,747577321;2,41553788
07.05.2024 11:06;33;4,747577321;2,41553788
07.05.2024 11:06;33;4,747577321;2,41553788
07.05.2024 11:06;33;4,747577321;2,41553788
07.05.2024 11:06;33,04;5;2,41553788
07.05.2024 11:06;33,04;5;2,41553788
07.05.2024 11:06;33,04;5;2,41553788
07.05.2024 11:06;33,04;5;2,41553788
07.05.2024 11:06;33,04;5;2,41553788
07.05.2024 11:06;33,09;4,302318999;2,425730575
07.05.2024 11:06;33,09;4,302318999;2,425730575
07.05.2024 11:06;33,09;4,302318999;2,425730575
07.05.2024 11:06;33,09;4,302318999;2,425730575
07.05.2024 11:06;33,14;4,907043901;2,425730575
07.05.2024 11:06;33,14;4,907043901;2,425730575
07.05.2024 11:06;33,14;4,907043901;2,425730575
07.05.2024 11:06;33,14;4,907043901;2,425730575
07.05.2024 11:06;33,14;4,907043901;2,425730575
07.05.2024 11:06;33,2;4,176091937;2,405345185
07.05.2024 11:06;33,2;4,176091937;2,405345185
07.05.2024 11:06;33,2;4,176091937;2,405345185
07.05.2024 11:06;33,2;4,176091937;2,405345185
07.05.2024 11:06;33,2;4,176091937;2,405345185
07.05.2024 11:06;33,25;4,433831994;2,41553788
07.05.2024 11:06;33,25;4,433831994;2,41553788
07.05.2024 11:06;33,25;4,433831994;2,41553788
07.05.2024 11:06;33,25;4,433831994;2,41553788
07.05.2024 11:06;33,34;4,649250876;2,425730575
07.05.2024 11:06;33,34;4,649250876;2,425730575
07.05.2024 11:06;33,34;4,649250876;2,425730575
07.05.2024 11:06;33,34;4,649250876;2,425730575
07.05.2024 11:06;33,34;4,649250876;2,425730575
07.05.2024 11:06;33,44;3,83757832;2,41553788
07.05.2024 11:07;33,44;3,83757832;2,41553788
07.05.2024 11:07;33,44;3,83757832;2,41553788
07.05.2024 11:07;33,44;3,83757832;2,41553788
07.05.2024 11:07;33,55;4,518881422;2,41553788
07.05.2024 11:07;33,55;4,518881422;2,41553788
07.05.2024 11:07;33,55;4,518881422;2,41553788
07.05.2024 11:07;33,55;4,518881422;2,41553788
07.05.2024 11:07;33,55;4,518881422;2,41553788
07.05.2024 11:07;33,66;4,056414349;2,41553788
07.05.2024 11:07;33,66;4,056414349;2,41553788
07.05.2024 11:07;33,66;4,056414349;2,41553788
07.05.2024 11:07;33,66;4,056414349;2,41553788
07.05.2024 11:07;33,66;4,056414349;2,41553788
07.05.2024 11:07;33,79;3,80963292;2,425730575
07.05.2024 11:07;33,79;3,80963292;2,425730575
07.05.2024 11:07;33,79;3,80963292;2,425730575
07.05.2024 11:07;33,79;3,80963292;2,425730575
07.05.2024 11:07;33,9;3,07482367;2,425730575
07.05.2024 11:07;33,9;3,07482367;2,425730575
07.05.2024 11:07;33,9;3,07482367;2,425730575
07.05.2024 11:07;33,9;3,07482367;2,425730575
07.05.2024 11:07;33,9;3,07482367;2,425730575
07.05.2024 11:07;34,03;3,858547163;2,405345185
07.05.2024 11:07;34,03;3,858547163;2,405345185
07.05.2024 11:07;34,03;3,858547163;2,405345185
07.05.2024 11:07;34,03;3,858547163;2,405345185
07.05.2024 11:07;34,16;3,390836865;2,425730575
07.05.2024 11:07;34,16;3,390836865;2,425730575
07.05.2024 11:07;34,16;3,390836865;2,425730575
07.05.2024 11:07;34,16;3,390836865;2,425730575
07.05.2024 11:07;34,16;3,390836865;2,425730575
07.05.2024 11:07;34,26;3,469522041;2,425730575
07.05.2024 11:07;34,26;3,469522041;2,425730575
07.05.2024 11:07;34,26;3,469522041;2,425730575
07.05.2024 11:07;34,26;3,469522041;2,425730575
07.05.2024 11:07;34,26;3,758428927;2,41553788
07.05.2024 11:07;34,41;3,758428927;2,41553788
07.05.2024 11:07;34,41;3,758428927;2,41553788
07.05.2024 11:07;34,41;3,758428927;2,41553788
07.05.2024 11:07;34,41;3,758428927;2,41553788
07.05.2024 11:07;34,53;3,578307337;2,425730575
07.05.2024 11:07;34,53;3,578307337;2,425730575
07.05.2024 11:07;34,53;3,578307337;2,425730575
07.05.2024 11:07;34,53;3,578307337;2,425730575
07.05.2024 11:07;34,53;3,578307337;2,425730575
07.05.2024 11:07;34,64;3,666961141;2,41553788
07.05.2024 11:07;34,64;3,666961141;2,41553788
07.05.2024 11:07;34,64;3,666961141;2,41553788
07.05.2024 11:07;34,64;3,666961141;2,41553788
07.05.2024 11:07;34,76;2,772854437;2,41553788
07.05.2024 11:07;34,76;2,772854437;2,41553788
07.05.2024 11:07;34,76;2,772854437;2,41553788
07.05.2024 11:07;34,76;2,772854437;2,41553788
07.05.2024 11:07;34,76;2,772854437;2,41553788
07.05.2024 11:07;34,87;2,652713654;2,41553788
07.05.2024 11:07;34,87;2,652713654;2,41553788
07.05.2024 11:07;34,87;2,652713654;2,41553788
07.05.2024 11:07;34,87;2,652713654;2,41553788
07.05.2024 11:07;34,87;2,652713654;2,41553788
07.05.2024 11:07;34,99;2,596058401;2,41553788
07.05.2024 11:07;34,99;2,596058401;2,41553788
07.05.2024 11:07;34,99;2,596058401;2,41553788
07.05.2024 11:07;34,99;2,596058401;2,41553788
07.05.2024 11:07;35,09;2,850264139;2,425730575
07.05.2024 11:07;35,09;2,850264139;2,425730575
07.05.2024 11:07;35,09;2,850264139;2,425730575
07.05.2024 11:07;35,09;2,850264139;2,425730575
07.05.2024 11:07;35,09;2,850264139;2,425730575
07.05.2024 11:07;35,18;2,068644368;2,425730575
07.05.2024 11:07;35,18;2,068644368;2,425730575
07.05.2024 11:07;35,18;2,068644368;2,425730575
07.05.2024 11:07;35,18;2,068644368;2,425730575
07.05.2024 11:07;35,27;1,542234174;2,425730575
07.05.2024 11:07;35,27;1,542234174;2,425730575
07.05.2024 11:07;35,27;1,542234174;2,425730575
07.05.2024 11:07;35,27;1,542234174;2,425730575
07.05.2024 11:07;35,27;1,542234174;2,425730575
07.05.2024 11:07;35,35;1,825044405;2,425730575
07.05.2024 11:07;35,35;1,825044405;2,425730575
07.05.2024 11:07;35,35;1,825044405;2,425730575
07.05.2024 11:07;35,35;1,825044405;2,425730575
07.05.2024 11:07;35,43;2,023929456;2,41553788
07.05.2024 11:07;35,43;2,023929456;2,41553788
07.05.2024 11:07;35,43;2,023929456;2,41553788
07.05.2024 11:07;35,43;2,023929456;2,41553788
07.05.2024 11:07;35,43;2,023929456;2,41553788
07.05.2024 11:07;35,51;1,325410495;2,41553788
07.05.2024 11:07;35,51;1,325410495;2,41553788
07.05.2024 11:07;35,51;1,325410495;2,41553788
07.05.2024 11:07;35,51;1,325410495;2,41553788
07.05.2024 11:07;35,51;1,325410495;2,41553788
07.05.2024 11:07;35,57;1,471493901;2,41553788
07.05.2024 11:07;35,57;1,471493901;2,41553788
07.05.2024 11:07;35,57;1,471493901;2,41553788
07.05.2024 11:07;35,57;1,471493901;2,41553788
07.05.2024 11:07;35,64;1,33728477;2,41553788
07.05.2024 11:07;35,64;1,33728477;2,41553788
07.05.2024 11:07;35,64;1,33728477;2,41553788
07.05.2024 11:07;35,64;1,33728477;2,41553788
07.05.2024 11:07;35,64;1,33728477;2,41553788
07.05.2024 11:07;35,69;1,33728477;2,41553788
07.05.2024 11:07;35,69;1,33728477;2,41553788
07.05.2024 11:07;35,69;1,33728477;2,41553788
07.05.2024 11:07;35,69;1,33728477;2,41553788
07.05.2024 11:07;35,69;1,33728477;2,41553788
07.05.2024 11:07;35,72;0,537341127;2,41553788
07.05.2024 11:07;35,72;0,537341127;2,41553788
07.05.2024 11:07;35,72;0,537341127;2,41553788
07.05.2024 11:07;35,72;0,537341127;2,41553788
07.05.2024 11:07;35,76;0,226733885;2,41553788
07.05.2024 11:07;35,76;0,226733885;2,41553788
07.05.2024 11:07;35,76;0,226733885;2,41553788
07.05.2024 11:07;35,76;0,226733885;2,41553788
07.05.2024 11:07;35,76;0,226733885;2,41553788
07.05.2024 11:07;35,8;0,445746125;2,537850216
07.05.2024 11:07;35,8;0,445746125;2,537850216
07.05.2024 11:07;35,8;0,445746125;2,537850216
07.05.2024 11:07;35,8;0,445746125;2,537850216
07.05.2024 11:07;35,83;1,289867504;2,792667583
07.05.2024 11:07;35,83;1,289867504;2,792667583
07.05.2024 11:07;35,83;1,289867504;2,792667583
07.05.2024 11:07;35,83;1,289867504;2,792667583
07.05.2024 11:07;35,83;1,289867504;2,792667583
07.05.2024 11:07;35,85;1,375350666;3,037292255
07.05.2024 11:07;35,85;1,375350666;3,037292255
07.05.2024 11:07;35,85;1,375350666;3,037292255
07.05.2024 11:07;35,85;1,375350666;3,037292255
07.05.2024 11:07;35,85;1,375350666;3,404229263
07.05.2024 11:07;35,85;1,065369128;3,404229263
07.05.2024 11:07;35,85;1,065369128;3,404229263
07.05.2024 11:07;35,85;1,065369128;3,404229263
07.05.2024 11:07;35,85;1,065369128;3,404229263
07.05.2024 11:07;35,86;0,678619322;3,954634775
07.05.2024 11:07;35,86;0,678619322;3,954634775
07.05.2024 11:07;35,86;0,678619322;3,954634775
07.05.2024 11:07;35,86;0,678619322;3,954634775
07.05.2024 11:07;35,86;0,678619322;3,954634775
07.05.2024 11:07;35,85;1,163677242;4,0973325
07.05.2024 11:07;35,85;1,163677242;4,0973325
07.05.2024 11:07;35,85;1,163677242;4,0973325
07.05.2024 11:07;35,85;1,163677242;4,0973325
07.05.2024 11:07;35,83;0,401209367;4,851591905
07.05.2024 11:07;35,83;0,401209367;4,851591905
07.05.2024 11:07;35,83;0,401209367;4,851591905
07.05.2024 11:07;35,83;0,401209367;4,851591905
07.05.2024 11:07;35,83;0,401209367;4,851591905
07.05.2024 11:07;35,8;0,015553238;4,933133463
07.05.2024 11:07;35,8;0,015553238;4,933133463
07.05.2024 11:07;35,8;0,015553238;4,933133463
07.05.2024 11:07;35,8;0,015553238;4,933133463
07.05.2024 11:07;35,8;0,015553238;4,933133463
07.05.2024 11:07;35,76;0;4,933133463
07.05.2024 11:07;35,76;0;4,933133463
07.05.2024 11:07;35,76;0;4,933133463
07.05.2024 11:07;35,76;0;4,933133463
07.05.2024 11:07;35,72;0;4,933133463
07.05.2024 11:07;35,72;0;4,933133463
07.05.2024 11:07;35,72;0;4,933133463
07.05.2024 11:07;35,72;0;4,933133463
07.05.2024 11:07;35,72;0;4,933133463
07.05.2024 11:07;35,66;0;4,933133463
07.05.2024 11:07;35,66;0;4,933133463
07.05.2024 11:07;35,66;0;4,933133463
07.05.2024 11:07;35,66;0;4,933133463
07.05.2024 11:07;35,61;0,575392916;4,933133463
07.05.2024 11:07;35,61;0,575392916;4,933133463
07.05.2024 11:07;35,61;0,575392916;4,933133463
07.05.2024 11:07;35,61;0,575392916;4,933133463
07.05.2024 11:07;35,61;0,575392916;4,933133463
07.05.2024 11:07;35,53;1,550457413;4,933133463
07.05.2024 11:07;35,53;1,550457413;4,933133463
07.05.2024 11:07;35,53;1,550457413;4,933133463
07.05.2024 11:07;35,53;1,550457413;4,933133463
07.05.2024 11:07;35,53;1,550457413;4,933133463
07.05.2024 11:07;35,44;0,80754643;4,933133463
07.05.2024 11:07;35,44;0,80754643;4,933133463
07.05.2024 11:07;35,44;0,80754643;4,933133463
07.05.2024 11:07;35,44;0,80754643;4,933133463
07.05.2024 11:07;35,35;1,348910966;4,933133463
07.05.2024 11:07;35,35;1,348910966;4,933133463
07.05.2024 11:07;35,35;1,348910966;4,933133463
07.05.2024 11:07;35,35;1,348910966;4,933133463
07.05.2024 11:07;35,35;1,348910966;4,933133463
07.05.2024 11:07;35,25;2,019271922;4,933133463
07.05.2024 11:07;35,25;2,019271922;4,933133463
07.05.2024 11:07;35,25;2,019271922;4,933133463
07.05.2024 11:07;35,25;2,019271922;4,933133463
07.05.2024 11:07;35,14;2,456901171;4,933133463
07.05.2024 11:07;35,14;2,456901171;4,933133463
07.05.2024 11:07;35,14;2,456901171;4,933133463
07.05.2024 11:07;35,14;2,456901171;4,933133463
07.05.2024 11:07;35,14;2,456901171;4,933133463
07.05.2024 11:07;35,01;1,631114609;4,933133463
07.05.2024 11:07;35,01;1,631114609;4,933133463
07.05.2024 11:07;35,01;1,631114609;4,933133463
07.05.2024 11:07;35,01;1,631114609;4,933133463
07.05.2024 11:07;35,01;1,631114609;4,933133463
07.05.2024 11:07;34,88;2,595814853;4,933133463
07.05.2024 11:07;34,88;2,595814853;4,933133463
07.05.2024 11:07;34,88;2,595814853;4,933133463
07.05.2024 11:07;34,88;2,595814853;4,933133463
07.05.2024 11:07;34,74;3,022436091;4,933133463
07.05.2024 11:07;34,74;3,022436091;4,933133463
07.05.2024 11:07;34,74;3,022436091;4,933133463
07.05.2024 11:07;34,74;3,022436091;4,933133463
07.05.2024 11:07;34,74;3,022436091;4,933133463
07.05.2024 11:07;34,62;3,767227952;4,933133463
07.05.2024 11:07;34,62;3,767227952;4,933133463
07.05.2024 11:07;34,62;3,767227952;4,933133463
07.05.2024 11:07;34,62;3,767227952;4,933133463
07.05.2024 11:07;34,48;3,975051686;4,933133463
07.05.2024 11:07;34,48;3,975051686;4,933133463
07.05.2024 11:07;34,48;3,975051686;4,933133463
07.05.2024 11:07;34,48;3,975051686;4,933133463
07.05.2024 11:07;34,48;3,975051686;4,933133463
07.05.2024 11:07;34,35;4,04226663;4,933133463
07.05.2024 11:07;34,35;4,04226663;4,933133463
07.05.2024 11:07;34,35;4,04226663;4,933133463
07.05.2024 11:07;34,35;4,04226663;4,933133463
07.05.2024 11:07;34,23;4,007255681;4,933133463
07.05.2024 11:07;34,23;4,007255681;4,933133463
07.05.2024 11:07;34,23;4,007255681;4,933133463
07.05.2024 11:07;34,23;4,007255681;4,933133463
07.05.2024 11:07;34,23;4,007255681;4,933133463
07.05.2024 11:07;34,09;4,500627264;4,933133463
07.05.2024 11:07;34,09;4,500627264;4,933133463
07.05.2024 11:07;34,09;4,500627264;4,933133463
07.05.2024 11:07;34,09;4,500627264;4,933133463
07.05.2024 11:07;34,09;4,500627264;4,933133463
07.05.2024 11:07;34;4,952603656;4,933133463
07.05.2024 11:07;34;4,952603656;4,933133463
07.05.2024 11:07;34;4,952603656;4,933133463
07.05.2024 11:07;34;4,952603656;4,933133463
07.05.2024 11:07;33,93;5;4,933133463
07.05.2024 11:07;33,93;5;4,933133463
07.05.2024 11:07;33,93;5;4,933133463
07.05.2024 11:07;33,93;5;4,933133463
07.05.2024 11:07;33,93;5;4,933133463
07.05.2024 11:07;33,89;4,321914672;4,933133463
07.05.2024 11:07;33,89;4,321914672;4,933133463
07.05.2024 11:07;33,89;4,321914672;4,933133463
07.05.2024 11:07;33,89;4,321914672;4,933133463
07.05.2024 11:07;33,85;4,392077657;4,933133463
07.05.2024 11:07;33,85;4,392077657;4,933133463
07.05.2024 11:07;33,85;4,392077657;4,933133463
07.05.2024 11:07;33,85;4,392077657;4,933133463
07.05.2024 11:07;33,85;4,392077657;4,933133463
07.05.2024 11:07;33,84;4,348336674;4,933133463
07.05.2024 11:07;33,84;4,348336674;4,933133463
07.05.2024 11:07;33,84;4,348336674;4,933133463
07.05.2024 11:07;33,84;4,348336674;4,933133463
07.05.2024 11:07;33,84;4,348336674;4,933133463
07.05.2024 11:07;33,84;3,417672151;4,933133463
07.05.2024 11:07;33,84;3,417672151;4,933133463
07.05.2024 11:07;33,84;3,417672151;4,933133463
07.05.2024 11:07;33,84;3,417672151;4,933133463
07.05.2024 11:07;33,84;3,740208726;4,933133463
07.05.2024 11:07;33,84;3,740208726;4,933133463
07.05.2024 11:07;33,84;3,740208726;4,933133463
07.05.2024 11:07;33,84;3,740208726;4,933133463
07.05.2024 11:07;33,84;3,740208726;4,933133463
07.05.2024 11:07;33,89;4,22145547;4,933133463
07.05.2024 11:07;33,89;4,22145547;4,933133463
07.05.2024 11:07;33,89;4,22145547;4,933133463
07.05.2024 11:07;33,89;4,22145547;4,933133463
07.05.2024 11:07;33,94;5;4,933133463
07.05.2024 11:07;33,94;5;4,933133463
07.05.2024 11:07;33,94;5;4,933133463
07.05.2024 11:07;33,94;5;4,933133463
07.05.2024 11:07;33,94;5;4,933133463
07.05.2024 11:07;34,03;5;4,933133463
07.05.2024 11:07;34,03;5;4,933133463
07.05.2024 11:07;34,03;5;4,933133463
07.05.2024 11:07;34,03;5;4,933133463
07.05.2024 11:07;34,11;4,421069372;4,933133463
07.05.2024 11:07;34,11;4,421069372;4,933133463
07.05.2024 11:07;34,11;4,421069372;4,933133463
07.05.2024 11:07;34,11;4,421069372;4,933133463
07.05.2024 11:07;34,11;4,421069372;4,933133463
07.05.2024 11:07;34,2;4,119309702;4,515232981
07.05.2024 11:07;34,2;4,119309702;4,515232981
07.05.2024 11:07;34,2;4,119309702;4,515232981
07.05.2024 11:07;34,2;4,119309702;4,515232981
07.05.2024 11:07;34,2;4,119309702;4,515232981
07.05.2024 11:07;34,28;4,119309702;3,883285912
07.05.2024 11:07;34,28;4,119309702;3,883285912
07.05.2024 11:07;34,28;4,119309702;3,883285912
07.05.2024 11:07;34,28;4,119309702;3,883285912
07.05.2024 11:07;34,36;4,961580943;3,404229263
07.05.2024 11:07;34,36;4,961580943;3,404229263
07.05.2024 11:07;34,36;4,961580943;3,404229263
07.05.2024 11:07;34,36;4,961580943;3,404229263
07.05.2024 11:07;34,36;4,961580943;3,404229263
07.05.2024 11:07;34,45;4,427015925;3,067870339
07.05.2024 11:07;34,45;4,427015925;3,067870339
07.05.2024 11:07;34,45;4,427015925;3,067870339
07.05.2024 11:07;34,45;4,427015925;3,067870339
07.05.2024 11:07;34,54;5;3,210568064
07.05.2024 11:07;34,54;5;3,210568064
07.05.2024 11:07;34,54;5;3,210568064
07.05.2024 11:07;34,54;5;3,210568064
07.05.2024 11:07;34,54;5;3,210568064
07.05.2024 11:07;34,64;4,582346285;3,913863996
07.05.2024 11:07;34,64;4,582346285;3,913863996
07.05.2024 11:07;34,64;4,582346285;3,913863996
07.05.2024 11:07;34,64;4,582346285;3,913863996
07.05.2024 11:07;34,64;4,582346285;3,913863996
07.05.2024 11:07;34,72;4,056656219;4,148295973
07.05.2024 11:07;34,72;4,056656219;4,148295973
07.05.2024 11:07;34,72;4,056656219;4,148295973
07.05.2024 11:07;34,72;4,056656219;4,148295973
07.05.2024 11:07;34,79;4,36900178;3,016906865
07.05.2024 11:07;34,79;4,36900178;3,016906865
07.05.2024 11:07;34,79;4,36900178;3,016906865
07.05.2024 11:07;34,79;4,36900178;3,016906865
07.05.2024 11:07;34,79;4,36900178;3,016906865
07.05.2024 11:07;34,87;3,78203617;2,629584468
07.05.2024 11:07;34,87;3,78203617;2,629584468
07.05.2024 11:07;34,87;3,78203617;2,629584468
07.05.2024 11:07;34,87;3,78203617;2,629584468
07.05.2024 11:07;34,95;2,800494413;3,169797285
07.05.2024 11:07;34,95;2,800494413;3,169797285
07.05.2024 11:07;34,95;2,800494413;3,169797285
07.05.2024 11:07;34,95;2,800494413;3,169797285
07.05.2024 11:07;34,95;2,800494413;3,169797285
07.05.2024 11:07;35,04;3,479307236;4,851591905
07.05.2024 11:07;35,04;3,479307236;4,851591905
07.05.2024 11:07;35,04;3,479307236;4,851591905
07.05.2024 11:07;35,04;3,479307236;4,851591905
07.05.2024 11:07;35,04;3,479307236;4,851591905
07.05.2024 11:07;35,11;2,722622968;4,933133463
07.05.2024 11:07;35,11;2,722622968;4,933133463
07.05.2024 11:07;35,11;2,722622968;4,933133463
07.05.2024 11:07;35,11;2,722622968;4,933133463
07.05.2024 11:07;35,2;1,939123757;4,494847592
07.05.2024 11:07;35,2;1,939123757;4,494847592
07.05.2024 11:07;35,2;1,939123757;4,494847592
07.05.2024 11:07;35,2;1,939123757;4,494847592
07.05.2024 11:07;35,2;1,939123757;4,494847592
07.05.2024 11:07;35,28;2,680569452;3,516348904
07.05.2024 11:07;35,28;2,680569452;3,516348904
07.05.2024 11:07;35,28;2,680569452;3,516348904
07.05.2024 11:07;35,28;2,680569452;3,516348904
07.05.2024 11:07;35,35;3,209093547;3,546926988
07.05.2024 11:07;35,35;3,209093547;3,546926988
07.05.2024 11:07;35,35;3,209093547;3,546926988
07.05.2024 11:07;35,35;3,209093547;3,546926988
07.05.2024 11:07;35,35;3,209093547;3,546926988
07.05.2024 11:07;35,43;3,072945336;4,331764477
07.05.2024 11:07;35,43;3,072945336;4,331764477
07.05.2024 11:07;35,43;3,072945336;4,331764477
07.05.2024 11:07;35,43;3,072945336;4,331764477
07.05.2024 11:07;35,43;3,072945336;4,331764477
07.05.2024 11:07;35,49;3,044815305;4,933133463
07.05.2024 11:07;35,49;3,044815305;4,933133463
07.05.2024 11:07;35,49;3,044815305;4,933133463
07.05.2024 11:07;35,49;3,044815305;4,933133463
07.05.2024 11:07;35,57;2,945905929;4,240030225
07.05.2024 11:07;35,57;2,945905929;4,240030225
07.05.2024 11:07;35,57;2,945905929;4,240030225
07.05.2024 11:07;35,57;2,945905929;4,240030225
07.05.2024 11:07;35,57;2,945905929;4,240030225
07.05.2024 11:07;35,62;2,719341049;3,424614652
07.05.2024 11:07;35,62;2,719341049;3,424614652
07.05.2024 11:07;35,62;2,719341049;3,424614652
07.05.2024 11:07;35,62;2,719341049;3,424614652
07.05.2024 11:07;35,66;2,663941945;2,792667583
07.05.2024 11:07;35,66;2,663941945;2,792667583
07.05.2024 11:07;35,66;2,663941945;2,792667583
07.05.2024 11:07;35,66;2,663941945;2,792667583
07.05.2024 11:07;35,66;2,663941945;2,792667583
07.05.2024 11:07;35,69;1,675130452;2,588813689
07.05.2024 11:07;35,69;1,675130452;2,588813689
07.05.2024 11:07;35,69;1,675130452;2,588813689
07.05.2024 11:07;35,69;1,675130452;2,588813689
07.05.2024 11:07;35,69;1,675130452;2,588813689
07.05.2024 11:07;35,71;1,452036887;2,711126025
07.05.2024 11:07;35,71;1,452036887;2,711126025
07.05.2024 11:07;35,71;1,452036887;2,711126025
07.05.2024 11:07;35,71;1,452036887;2,711126025
07.05.2024 11:07;35,74;0,572530998;3,118833812
07.05.2024 11:07;35,74;0,572530998;3,118833812
07.05.2024 11:07;35,74;0,572530998;3,118833812
07.05.2024 11:07;35,74;0,572530998;3,118833812
07.05.2024 11:07;35,74;0,572530998;3,118833812
07.05.2024 11:07;35,75;0,769177877;3,730395492
07.05.2024 11:07;35,75;0,769177877;3,730395492
07.05.2024 11:07;35,75;0,769177877;3,730395492
07.05.2024 11:07;35,75;0,769177877;3,730395492
07.05.2024 11:07;35,75;0,769177877;3,730395492
07.05.2024 11:07;35,75;0,930451679;4,617159928
07.05.2024 11:07;35,75;0,930451679;4,617159928
07.05.2024 11:07;35,75;0,930451679;4,617159928
07.05.2024 11:07;35,75;0,930451679;4,617159928
07.05.2024 11:07;35,74;1,586780406;4,933133463
07.05.2024 11:07;35,74;1,586780406;4,933133463
07.05.2024 11:07;35,74;1,586780406;4,933133463
07.05.2024 11:07;35,74;1,586780406;4,933133463
07.05.2024 11:07;35,74;1,586780406;4,933133463
07.05.2024 11:07;35,72;2,502397859;4,933133463
07.05.2024 11:07;35,72;2,502397859;4,933133463
07.05.2024 11:07;35,72;2,502397859;4,933133463
07.05.2024 11:07;35,72;2,502397859;4,933133463
07.05.2024 11:07;35,71;3,046578745;4,464269508
07.05.2024 11:07;35,71;3,046578745;4,464269508
07.05.2024 11:07;35,71;3,046578745;4,464269508
07.05.2024 11:07;35,71;3,046578745;4,464269508
07.05.2024 11:07;35,71;3,046578745;4,464269508
07.05.2024 11:07;35,67;3,883867462;3,597890461
07.05.2024 11:07;35,67;3,883867462;3,597890461
07.05.2024 11:07;35,67;3,883867462;3,597890461
07.05.2024 11:07;35,67;3,883867462;3,597890461
07.05.2024 11:07;35,67;3,883867462;3,597890461
07.05.2024 11:07;35,64;3,281356813;3,057677644
07.05.2024 11:07;35,64;3,281356813;3,057677644
07.05.2024 11:07;35,64;3,281356813;3,057677644
07.05.2024 11:07;35,64;3,281356813;3,057677644
07.05.2024 11:07;35,6;3,883706741;2,660162552
07.05.2024 11:07;35,6;3,883706741;2,660162552
07.05.2024 11:07;35,6;3,883706741;2,660162552
07.05.2024 11:07;35,6;3,883706741;2,660162552
07.05.2024 11:07;35,6;3,883706741;2,660162552
07.05.2024 11:07;35,56;2,977852912;2,537850216
07.05.2024 11:07;35,56;2,977852912;2,537850216
07.05.2024 11:07;35,56;2,977852912;2,537850216
07.05.2024 11:07;35,56;2,977852912;2,537850216
07.05.2024 11:07;35,49;2,104777241;2,548042911
07.05.2024 11:07;35,49;2,104777241;2,548042911
07.05.2024 11:07;35,49;2,104777241;2,548042911
07.05.2024 11:07;35,49;2,104777241;2,548042911
07.05.2024 11:07;35,49;2,104777241;2,548042911
07.05.2024 11:07;35,43;1,827659927;2,751896804
07.05.2024 11:07;35,43;1,827659927;2,751896804
07.05.2024 11:07;35,43;1,827659927;2,751896804
07.05.2024 11:07;35,43;1,827659927;2,751896804
07.05.2024 11:07;35,43;1,827659927;2,751896804
07.05.2024 11:07;35,38;1,947955091;3,118833812
07.05.2024 11:07;35,38;1,947955091;3,118833812
07.05.2024 11:07;35,38;1,947955091;3,118833812
07.05.2024 11:07;35,38;1,947955091;3,118833812
07.05.2024 11:07;35,33;1,920075716;3,200375369
07.05.2024 11:07;35,33;1,920075716;3,200375369
07.05.2024 11:07;35,33;1,920075716;3,200375369
07.05.2024 11:07;35,33;1,920075716;3,200375369
07.05.2024 11:07;35,33;1,920075716;3,200375369
07.05.2024 11:07;35,29;2,515433726;3,608083156
07.05.2024 11:07;35,29;2,515433726;3,608083156
07.05.2024 11:07;35,29;2,515433726;3,608083156
07.05.2024 11:07;35,29;2,515433726;3,608083156
07.05.2024 11:07;35,24;3,224212181;4,290993699
07.05.2024 11:07;35,24;3,224212181;4,290993699
07.05.2024 11:07;35,24;3,224212181;4,290993699
07.05.2024 11:07;35,24;3,224212181;4,290993699
07.05.2024 11:07;35,24;3,224212181;4,290993699
07.05.2024 11:07;35,23;2,38506346;3,373651179
07.05.2024 11:07;35,23;2,38506346;3,373651179
07.05.2024 11:07;35,23;2,38506346;3,373651179
07.05.2024 11:07;35,23;2,38506346;3,373651179
07.05.2024 11:07;35,23;2,38506346;3,373651179
07.05.2024 11:07;35,21;2,229338412;3,006714171
07.05.2024 11:07;35,21;2,229338412;3,006714171
07.05.2024 11:07;35,21;2,229338412;3,006714171
07.05.2024 11:07;35,21;2,229338412;3,006714171
07.05.2024 11:07;35,19;2,49982034;3,088255728
07.05.2024 11:07;35,19;2,49982034;3,088255728
07.05.2024 11:07;35,19;2,49982034;3,088255728
07.05.2024 11:07;35,19;2,49982034;3,088255728
07.05.2024 11:07;35,19;2,49982034;3,088255728
07.05.2024 11:07;35,16;3,395298512;2,976136087
07.05.2024 11:07;35,16;3,395298512;2,976136087
07.05.2024 11:07;35,16;3,395298512;2,976136087
07.05.2024 11:07;35,16;3,395298512;2,976136087
07.05.2024 11:07;35,16;3,049479066;2,588813689
07.05.2024 11:07;35,16;3,049479066;2,588813689
07.05.2024 11:07;35,16;3,049479066;2,588813689
07.05.2024 11:07;35,16;3,049479066;2,588813689
07.05.2024 11:07;35,16;3,049479066;2,588813689
07.05.2024 11:07;35,16;2,996009875;2,507272132
07.05.2024 11:07;35,16;2,996009875;2,507272132
07.05.2024 11:07;35,16;2,996009875;2,507272132
07.05.2024 11:07;35,16;2,996009875;2,507272132
07.05.2024 11:07;35,16;2,996009875;2,507272132
07.05.2024 11:07;35,18;3,810568634;2,466501353
07.05.2024 11:07;35,18;3,810568634;2,466501353
07.05.2024 11:07;35,18;3,810568634;2,466501353
07.05.2024 11:07;35,18;3,810568634;2,466501353
07.05.2024 11:07;35,2;3,810568634;2,476694048
07.05.2024 11:07;35,2;3,810568634;2,476694048
07.05.2024 11:07;35,2;3,810568634;2,476694048
07.05.2024 11:07;35,2;3,810568634;2,476694048
07.05.2024 11:07;35,2;3,810568634;2,476694048
07.05.2024 11:07;35,2;4,019229295;3,394036568
07.05.2024 11:07;35,2;4,019229295;3,394036568
07.05.2024 11:07;35,2;4,019229295;3,394036568
07.05.2024 11:07;35,2;4,019229295;3,394036568
07.05.2024 11:07;35,2;4,631457698;4,301186393
07.05.2024 11:07;35,2;4,631457698;4,301186393
07.05.2024 11:07;35,2;4,631457698;4,301186393
07.05.2024 11:07;35,2;4,631457698;4,301186393
07.05.2024 11:07;35,2;4,631457698;4,301186393
07.05.2024 11:07;35,2;4,211926676;4,933133463
07.05.2024 11:07;35,2;4,211926676;4,933133463
07.05.2024 11:07;35,2;4,211926676;4,933133463
07.05.2024 11:07;35,2;4,211926676;4,933133463
07.05.2024 11:07;35,2;4,211926676;4,933133463
07.05.2024 11:07;35,2;4,753565566;4,933133463
07.05.2024 11:07;35,2;4,753565566;4,933133463
07.05.2024 11:07;35,2;4,753565566;4,933133463
07.05.2024 11:07;35,2;4,753565566;4,933133463
07.05.2024 11:07;35,21;3,845972793;4,933133463
07.05.2024 11:07;35,21;3,845972793;4,933133463
07.05.2024 11:07;35,21;3,845972793;4,933133463
07.05.2024 11:07;35,21;3,845972793;4,933133463
07.05.2024 11:07;35,21;3,845972793;4,933133463
07.05.2024 11:07;35,24;3,943438301;4,933133463
07.05.2024 11:07;35,24;3,943438301;4,933133463
07.05.2024 11:07;35,24;3,943438301;4,933133463
07.05.2024 11:07;35,24;3,943438301;4,933133463
07.05.2024 11:07;35,27;3,364884252;4,933133463
07.05.2024 11:07;35,27;3,364884252;4,933133463
07.05.2024 11:07;35,27;3,364884252;4,933133463
07.05.2024 11:07;35,27;3,364884252;4,933133463
07.05.2024 11:07;35,27;3,364884252;4,933133463
07.05.2024 11:07;35,32;3,072695877;4,494847592
07.05.2024 11:07;35,32;3,072695877;4,494847592
07.05.2024 11:07;35,32;3,072695877;4,494847592
07.05.2024 11:07;35,32;3,072695877;4,494847592
07.05.2024 11:07;35,32;3,072695877;4,494847592
07.05.2024 11:07;35,35;2,976235149;3,455192736
07.05.2024 11:07;35,35;2,976235149;3,455192736
07.05.2024 11:07;35,35;2,976235149;3,455192736
07.05.2024 11:07;35,35;2,976235149;3,455192736
07.05.2024 11:07;35,38;3,499252972;3,292109621
07.05.2024 11:07;35,38;3,499252972;3,292109621
07.05.2024 11:07;35,38;3,499252972;3,292109621
07.05.2024 11:07;35,38;3,499252972;3,292109621
07.05.2024 11:07;35,38;3,499252972;3,292109621
07.05.2024 11:07;35,46;4,143415909;3,975020164
07.05.2024 11:07;35,46;4,143415909;3,975020164
07.05.2024 11:07;35,46;4,143415909;3,975020164
07.05.2024 11:07;35,46;4,143415909;3,975020164
07.05.2024 11:07;35,52;3,72116213;3,067870339
07.05.2024 11:07;35,52;3,72116213;3,067870339
07.05.2024 11:07;35,52;3,72116213;3,067870339
07.05.2024 11:07;35,52;3,72116213;3,067870339
07.05.2024 11:07;35,52;3,72116213;3,067870339
07.05.2024 11:07;35,58;3,366786491;4,015790943
07.05.2024 11:07;35,58;3,366786491;4,015790943
07.05.2024 11:07;35,58;3,366786491;4,015790943
07.05.2024 11:07;35,58;3,366786491;4,015790943
07.05.2024 11:07;35,58;3,366786491;3,016906865
07.05.2024 11:08;35,65;3,67094767;3,016906865
07.05.2024 11:08;35,65;3,67094767;3,016906865
07.05.2024 11:08;35,65;3,67094767;3,016906865
07.05.2024 11:08;35,65;3,67094767;3,016906865
07.05.2024 11:08;35,71;2,818467909;2,619391773
07.05.2024 11:08;35,71;2,818467909;2,619391773
07.05.2024 11:08;35,71;2,818467909;2,619391773
07.05.2024 11:08;35,71;2,818467909;2,619391773
07.05.2024 11:08;35,71;2,818467909;2,619391773
07.05.2024 11:08;35,76;2,485196741;2,690740636
07.05.2024 11:08;35,76;2,485196741;2,690740636
07.05.2024 11:08;35,76;2,485196741;2,690740636
07.05.2024 11:08;35,76;2,485196741;2,690740636
07.05.2024 11:08;35,81;2,415325789;4,158488668
07.05.2024 11:08;35,81;2,415325789;4,158488668
07.05.2024 11:08;35,81;2,415325789;4,158488668
07.05.2024 11:08;35,81;2,415325789;4,158488668
07.05.2024 11:08;35,81;2,415325789;4,158488668
07.05.2024 11:08;35,83;2,890382633;4,922940768
07.05.2024 11:08;35,83;2,890382633;4,922940768
07.05.2024 11:08;35,83;2,890382633;4,922940768
07.05.2024 11:08;35,83;2,890382633;4,922940768
07.05.2024 11:08;35,83;2,890382633;4,922940768
07.05.2024 11:08;35,86;1,905927672;3,394036568
07.05.2024 11:08;35,86;1,905927672;3,394036568
07.05.2024 11:08;35,86;1,905927672;3,394036568
07.05.2024 11:08;35,86;1,905927672;3,394036568
07.05.2024 11:08;35,89;1,322035988;2,792667583
07.05.2024 11:08;35,89;1,322035988;2,792667583
07.05.2024 11:08;35,89;1,322035988;2,792667583
07.05.2024 11:08;35,89;1,322035988;2,792667583
07.05.2024 11:08;35,89;1,322035988;2,792667583
07.05.2024 11:08;35,9;1,906702639;3,322687705
07.05.2024 11:08;35,9;1,906702639;3,322687705
07.05.2024 11:08;35,9;1,906702639;3,322687705
07.05.2024 11:08;35,9;1,906702639;3,322687705
07.05.2024 11:08;35,93;1,023094042;2,965943392
07.05.2024 11:08;35,93;1,023094042;2,965943392
07.05.2024 11:08;35,93;1,023094042;2,965943392
07.05.2024 11:08;35,93;1,023094042;2,965943392
07.05.2024 11:08;35,93;1,023094042;2,965943392
07.05.2024 11:08;35,93;1,516712145;2,711126025
07.05.2024 11:08;35,93;1,516712145;2,711126025
07.05.2024 11:08;35,93;1,516712145;2,711126025
07.05.2024 11:08;35,93;1,516712145;2,711126025
07.05.2024 11:08;35,93;1,516712145;2,711126025
07.05.2024 11:08;35,95;1,137862676;2,537850216
07.05.2024 11:08;35,95;1,137862676;2,537850216
07.05.2024 11:08;35,95;1,137862676;2,537850216
07.05.2024 11:08;35,95;1,137862676;2,537850216
07.05.2024 11:08;35,95;0,694266145;2,486886743
07.05.2024 11:08;35,95;0,694266145;2,486886743
07.05.2024 11:08;35,95;0,694266145;2,486886743
07.05.2024 11:08;35,95;0,694266145;2,486886743
07.05.2024 11:08;35,95;0,694266145;2,486886743
07.05.2024 11:08;35,97;0,962759926;2,456308659
07.05.2024 11:08;35,97;0,962759926;2,456308659
07.05.2024 11:08;35,97;0,962759926;2,456308659
07.05.2024 11:08;35,97;0,962759926;2,456308659
07.05.2024 11:08;35,98;1,225851439;2,497079437
07.05.2024 11:08;35,98;1,225851439;2,497079437
07.05.2024 11:08;35,98;1,225851439;2,497079437
07.05.2024 11:08;35,98;1,225851439;2,497079437
07.05.2024 11:08;35,98;1,225851439;2,497079437
07.05.2024 11:08;35,98;0,966090784;3,067870339
07.05.2024 11:08;35,98;0,966090784;3,067870339
07.05.2024 11:08;35,98;0,966090784;3,067870339
07.05.2024 11:08;35,98;0,966090784;3,067870339
07.05.2024 11:08;35,98;0,966090784;3,067870339
07.05.2024 11:08;35,95;1,895250952;4,423498729
07.05.2024 11:08;35,95;1,895250952;4,423498729
07.05.2024 11:08;35,95;1,895250952;4,423498729
07.05.2024 11:08;35,95;1,895250952;4,423498729
07.05.2024 11:08;35,93;2,56936992;4,922940768
07.05.2024 11:08;35,93;2,56936992;4,922940768
07.05.2024 11:08;35,93;2,56936992;4,922940768
07.05.2024 11:08;35,93;2,56936992;4,922940768
07.05.2024 11:08;35,93;2,56936992;4,922940768
07.05.2024 11:08;35,89;1,685080255;4,933133463
07.05.2024 11:08;35,89;1,685080255;4,933133463
07.05.2024 11:08;35,89;1,685080255;4,933133463
07.05.2024 11:08;35,89;1,685080255;4,933133463
07.05.2024 11:08;35,84;0,807806136;4,933133463
07.05.2024 11:08;35,84;0,807806136;4,933133463
07.05.2024 11:08;35,84;0,807806136;4,933133463
07.05.2024 11:08;35,84;0,807806136;4,933133463
07.05.2024 11:08;35,84;0,807806136;4,933133463
07.05.2024 11:08;35,8;0,981769438;4,341957172
07.05.2024 11:08;35,8;0,981769438;4,341957172
07.05.2024 11:08;35,8;0,981769438;4,341957172
07.05.2024 11:08;35,8;0,981769438;4,341957172
07.05.2024 11:08;35,75;1,363857558;3,230953453
07.05.2024 11:08;35,75;1,363857558;3,230953453
07.05.2024 11:08;35,75;1,363857558;3,230953453
07.05.2024 11:08;35,75;1,363857558;3,230953453
07.05.2024 11:08;35,75;1,363857558;3,230953453
07.05.2024 11:08;35,69;2,3164707;2,72131872
07.05.2024 11:08;35,69;2,3164707;2,72131872
07.05.2024 11:08;35,69;2,3164707;2,72131872
07.05.2024 11:08;35,69;2,3164707;2,72131872
07.05.2024 11:08;35,69;2,3164707;2,72131872
07.05.2024 11:08;35,62;1,360571023;2,629584468
07.05.2024 11:08;35,62;1,360571023;2,629584468
07.05.2024 11:08;35,62;1,360571023;2,629584468
07.05.2024 11:08;35,62;1,360571023;2,629584468
07.05.2024 11:08;35,52;1,695719499;3,17998998
07.05.2024 11:08;35,52;1,695719499;3,17998998
07.05.2024 11:08;35,52;1,695719499;3,17998998
07.05.2024 11:08;35,52;1,695719499;3,17998998
07.05.2024 11:08;35,52;1,695719499;3,17998998
07.05.2024 11:08;35,46;0,698261495;3,016906865
07.05.2024 11:08;35,46;0,698261495;3,016906865
07.05.2024 11:08;35,46;0,698261495;3,016906865
07.05.2024 11:08;35,46;0,698261495;3,016906865
07.05.2024 11:08;35,46;0,698261495;3,016906865
07.05.2024 11:08;35,38;1,443142984;2,782474888
07.05.2024 11:08;35,38;1,443142984;2,782474888
07.05.2024 11:08;35,38;1,443142984;2,782474888
07.05.2024 11:08;35,38;1,443142984;2,782474888
07.05.2024 11:08;35,3;1,743166827;4,627352623
07.05.2024 11:08;35,3;1,743166827;4,627352623
07.05.2024 11:08;35,3;1,743166827;4,627352623
07.05.2024 11:08;35,3;1,743166827;4,627352623
07.05.2024 11:08;35,3;1,743166827;4,627352623
07.05.2024 11:08;35,23;1,924070803;4,933133463
07.05.2024 11:08;35,23;1,924070803;4,933133463
07.05.2024 11:08;35,23;1,924070803;4,933133463
07.05.2024 11:08;35,23;1,924070803;4,933133463
07.05.2024 11:08;35,15;2,310405351;4,933133463
07.05.2024 11:08;35,15;2,310405351;4,933133463
07.05.2024 11:08;35,15;2,310405351;4,933133463
07.05.2024 11:08;35,15;2,310405351;4,933133463
07.05.2024 11:08;35,15;2,310405351;4,933133463
07.05.2024 11:08;35,07;2,310405351;4,933133463
07.05.2024 11:08;35,07;2,310405351;4,933133463
07.05.2024 11:08;35,07;2,310405351;4,933133463
07.05.2024 11:08;35,07;2,310405351;4,933133463
07.05.2024 11:08;35;2,533790407;4,933133463
07.05.2024 11:08;35;2,533790407;4,933133463
07.05.2024 11:08;35;2,533790407;4,933133463
07.05.2024 11:08;35;2,533790407;4,933133463
07.05.2024 11:08;35;2,533790407;4,933133463
07.05.2024 11:08;34,93;2,73365527;4,933133463
07.05.2024 11:08;34,93;2,73365527;4,933133463
07.05.2024 11:08;34,93;2,73365527;4,933133463
07.05.2024 11:08;34,93;2,73365527;4,933133463
07.05.2024 11:08;34,93;2,73365527;4,933133463
07.05.2024 11:08;34,86;3,209787497;4,933133463
07.05.2024 11:08;34,86;3,209787497;4,933133463
07.05.2024 11:08;34,86;3,209787497;4,933133463
07.05.2024 11:08;34,86;3,209787497;4,933133463
07.05.2024 11:08;34,81;2,604161902;4,933133463
07.05.2024 11:08;34,81;2,604161902;4,933133463
07.05.2024 11:08;34,81;2,604161902;4,933133463
07.05.2024 11:08;34,81;2,604161902;4,933133463
07.05.2024 11:08;34,81;2,604161902;4,933133463
07.05.2024 11:08;34,73;2,55389555;4,933133463
07.05.2024 11:08;34,73;2,55389555;4,933133463
07.05.2024 11:08;34,73;2,55389555;4,933133463
07.05.2024 11:08;34,73;2,55389555;4,933133463
07.05.2024 11:08;34,73;2,55389555;4,933133463
07.05.2024 11:08;34,65;1,958512826;4,933133463
07.05.2024 11:08;34,65;1,958512826;4,933133463
07.05.2024 11:08;34,65;1,958512826;4,933133463
07.05.2024 11:08;34,65;1,958512826;4,933133463
07.05.2024 11:08;34,6;0,971843866;4,933133463
07.05.2024 11:08;34,6;0,971843866;4,933133463
07.05.2024 11:08;34,6;0,971843866;4,933133463
07.05.2024 11:08;34,6;0,971843866;4,933133463
07.05.2024 11:08;34,6;0,971843866;4,933133463
07.05.2024 11:08;34,54;0,149389986;4,933133463
07.05.2024 11:08;34,54;0,149389986;4,933133463
07.05.2024 11:08;34,54;0,149389986;4,933133463
07.05.2024 11:08;34,54;0,149389986;4,933133463
07.05.2024 11:08;34,49;0;4,933133463
07.05.2024 11:08;34,49;0;4,933133463
07.05.2024 11:08;34,49;0;4,933133463
07.05.2024 11:08;34,49;0;4,933133463
07.05.2024 11:08;34,49;0;4,933133463
07.05.2024 11:08;34,42;0;4,933133463
07.05.2024 11:08;34,42;0;4,933133463
07.05.2024 11:08;34,42;0;4,933133463
07.05.2024 11:08;34,42;0;4,933133463
07.05.2024 11:08;34,42;0;4,933133463
07.05.2024 11:08;34,35;0;4,933133463
07.05.2024 11:08;34,35;0;4,933133463
07.05.2024 11:08;34,35;0;4,933133463
07.05.2024 11:08;34,35;0;4,933133463
07.05.2024 11:08;34,3;0;4,933133463
07.05.2024 11:08;34,3;0;4,933133463
07.05.2024 11:08;34,3;0;4,933133463
07.05.2024 11:08;34,3;0;4,933133463
07.05.2024 11:08;34,3;0;4,933133463
07.05.2024 11:08;34,25;0;4,933133463
07.05.2024 11:08;34,25;0;4,933133463
07.05.2024 11:08;34,25;0;4,933133463
07.05.2024 11:08;34,25;0;4,933133463
07.05.2024 11:08;34,17;0,092269258;4,933133463
07.05.2024 11:08;34,17;0,092269258;4,933133463
07.05.2024 11:08;34,17;0,092269258;4,933133463
